ID,class
0,9
1,1
2,0
3,5
4,4
5,8
6,5
7,1
8,0
9,0
10,4
11,4
12,7
13,6
14,9
15,9
16,5
17,9
18,8
19,9
20,9
21,8
22,8
23,7
24,7
25,7
26,0
27,7
28,0
29,7
30,3
31,4
32,1
33,4
34,9
35,8
36,6
37,5
38,7
39,6
40,5
41,1
42,8
43,6
44,4
45,8
46,6
47,4
48,3
49,1
50,7
51,5
52,8
53,4
54,1
55,0
56,8
57,7
58,7
59,4
60,4
61,6
62,6
63,4
64,6
65,9
66,0
67,8
68,6
69,5
70,1
71,0
72,6
73,9
74,4
75,4
76,4
77,6
78,9
79,4
80,0
81,4
82,1
83,5
84,8
85,8
86,7
87,4
88,4
89,7
90,0
91,7
92,9
93,4
94,7
95,5
96,6
97,3
98,6
99,0
100,3
101,0
102,9
103,8
104,0
105,6
106,8
107,8
108,7
109,6
110,7
111,1
112,0
113,9
114,7
115,3
116,7
117,6
118,1
119,4
120,0
121,1
122,8
123,4
124,9
125,4
126,4
127,6
128,6
129,7
130,4
131,9
132,8
133,6
134,8
135,8
136,8
137,1
138,7
139,3
140,4
141,6
142,7
143,6
144,0
145,6
146,8
147,6
148,9
149,6
150,8
151,4
152,3
153,4
154,1
155,8
156,5
157,4
158,1
159,8
160,8
161,8
162,8
163,4
164,9
165,7
166,4
167,8
168,8
169,0
170,4
171,4
172,6
173,0
174,8
175,8
176,0
177,6
178,8
179,5
180,5
181,9
182,4
183,4
184,4
185,9
186,9
187,8
188,9
189,6
190,7
191,0
192,8
193,4
194,8
195,7
196,7
197,3
198,1
199,5
200,6
201,5
202,8
203,6
204,0
205,1
206,6
207,0
208,6
209,8
210,7
211,8
212,9
213,3
214,3
215,8
216,4
217,6
218,6
219,6
220,1
221,4
222,0
223,6
224,8
225,4
226,7
227,4
228,6
229,4
230,9
231,9
232,3
233,6
234,1
235,7
236,4
237,4
238,4
239,4
240,6
241,0
242,4
243,3
244,9
245,6
246,6
247,4
248,3
249,4
250,7
251,4
252,8
253,8
254,8
255,4
256,4
257,0
258,1
259,8
260,4
261,1
262,4
263,4
264,0
265,8
266,8
267,7
268,7
269,8
270,1
271,9
272,6
273,7
274,0
275,3
276,3
277,7
278,9
279,6
280,6
281,8
282,7
283,8
284,8
285,4
286,4
287,7
288,7
289,7
290,8
291,7
292,3
293,1
294,6
295,8
296,4
297,4
298,8
299,8
300,1
301,4
302,7
303,1
304,0
305,7
306,8
307,6
308,8
309,8
310,1
311,7
312,0
313,6
314,7
315,4
316,6
317,4
318,4
319,8
320,0
321,6
322,8
323,8
324,4
325,4
326,8
327,7
328,3
329,4
330,1
331,6
332,3
333,5
334,4
335,7
336,8
337,6
338,1
339,0
340,4
341,4
342,8
343,7
344,6
345,8
346,4
347,8
348,6
349,9
350,6
351,9
352,8
353,7
354,4
355,0
356,8
357,3
358,4
359,0
360,8
361,4
362,4
363,8
364,4
365,4
366,1
367,1
368,6
369,6
370,6
371,1
372,8
373,6
374,8
375,7
376,6
377,9
378,1
379,8
380,8
381,4
382,1
383,8
384,8
385,2
386,6
387,8
388,1
389,7
390,4
391,3
392,8
393,0
394,8
395,7
396,3
397,8
398,3
399,7
400,7
401,4
402,6
403,2
404,8
405,4
406,8
407,4
408,8
409,8
410,4
411,8
412,0
413,1
414,9
415,3
416,0
417,3
418,7
419,8
420,8
421,3
422,3
423,7
424,6
425,8
426,6
427,5
428,8
429,8
430,8
431,5
432,3
433,4
434,8
435,6
436,0
437,7
438,8
439,7
440,3
441,1
442,8
443,4
444,9
445,8
446,4
447,0
448,5
449,6
450,6
451,1
452,8
453,4
454,6
455,5
456,6
457,8
458,3
459,8
460,8
461,0
462,1
463,5
464,6
465,4
466,0
467,7
468,8
469,8
470,9
471,0
472,8
473,7
474,4
475,6
476,4
477,8
478,6
479,6
480,3
481,8
482,3
483,7
484,8
485,8
486,1
487,4
488,4
489,3
490,0
491,8
492,5
493,0
494,4
495,5
496,7
497,6
498,7
499,1
500,4
501,9
502,8
503,7
504,7
505,7
506,6
507,4
508,0
509,7
510,8
511,3
512,8
513,4
514,8
515,8
516,7
517,5
518,4
519,6
520,6
521,7
522,4
523,5
524,8
525,6
526,6
527,6
528,7
529,5
530,4
531,6
532,8
533,6
534,7
535,1
536,6
537,0
538,7
539,4
540,4
541,4
542,4
543,7
544,5
545,3
546,9
547,7
548,8
549,4
550,7
551,4
552,5
553,1
554,9
555,7
556,1
557,9
558,6
559,6
560,8
561,6
562,4
563,4
564,4
565,8
566,0
567,8
568,8
569,8
570,6
571,8
572,0
573,4
574,1
575,6
576,0
577,4
578,8
579,4
580,7
581,7
582,3
583,4
584,4
585,7
586,7
587,6
588,7
589,7
590,8
591,8
592,7
593,4
594,8
595,8
596,1
597,4
598,7
599,3
600,0
601,8
602,9
603,6
604,1
605,0
606,0
607,0
608,3
609,6
610,6
611,0
612,4
613,6
614,4
615,5
616,6
617,6
618,9
619,8
620,8
621,5
622,8
623,8
624,9
625,3
626,6
627,6
628,1
629,3
630,4
631,1
632,7
633,0
634,9
635,8
636,4
637,9
638,7
639,7
640,9
641,8
642,4
643,4
644,5
645,8
646,7
647,6
648,8
649,5
650,4
651,7
652,8
653,8
654,8
655,4
656,8
657,4
658,4
659,6
660,8
661,4
662,6
663,0
664,4
665,4
666,7
667,0
668,6
669,8
670,9
671,8
672,7
673,6
674,6
675,9
676,9
677,4
678,8
679,5
680,6
681,8
682,8
683,3
684,8
685,8
686,7
687,5
688,3
689,4
690,1
691,8
692,9
693,7
694,0
695,8
696,8
697,8
698,7
699,0
700,8
701,0
702,0
703,4
704,4
705,8
706,4
707,8
708,4
709,0
710,3
711,8
712,9
713,4
714,7
715,5
716,7
717,7
718,8
719,0
720,4
721,5
722,7
723,8
724,4
725,6
726,8
727,4
728,8
729,3
730,3
731,4
732,1
733,9
734,8
735,9
736,8
737,4
738,6
739,4
740,8
741,7
742,4
743,6
744,4
745,4
746,4
747,6
748,6
749,6
750,8
751,5
752,3
753,7
754,3
755,8
756,8
757,0
758,8
759,4
760,3
761,0
762,6
763,8
764,6
765,7
766,7
767,5
768,8
769,5
770,1
771,4
772,4
773,9
774,4
775,4
776,0
777,9
778,7
779,1
780,6
781,9
782,7
783,5
784,4
785,9
786,0
787,6
788,8
789,8
790,0
791,9
792,0
793,5
794,8
795,4
796,9
797,6
798,8
799,6
800,7
801,6
802,5
803,6
804,7
805,4
806,7
807,7
808,4
809,8
810,6
811,8
812,0
813,6
814,8
815,9
816,8
817,5
818,9
819,9
820,8
821,8
822,7
823,8
824,9
825,6
826,7
827,6
828,1
829,5
830,7
831,5
832,8
833,4
834,6
835,5
836,9
837,7
838,9
839,6
840,4
841,9
842,4
843,1
844,6
845,0
846,8
847,0
848,1
849,8
850,1
851,6
852,1
853,8
854,8
855,4
856,6
857,8
858,5
859,6
860,8
861,7
862,8
863,8
864,4
865,4
866,9
867,4
868,8
869,7
870,6
871,4
872,4
873,1
874,4
875,6
876,4
877,8
878,4
879,8
880,1
881,6
882,4
883,7
884,7
885,8
886,4
887,6
888,7
889,7
890,8
891,4
892,8
893,8
894,7
895,6
896,7
897,8
898,1
899,8
900,0
901,0
902,1
903,3
904,8
905,5
906,7
907,5
908,4
909,4
910,5
911,4
912,9
913,6
914,7
915,7
916,6
917,4
918,4
919,1
920,7
921,6
922,0
923,8
924,0
925,6
926,8
927,6
928,7
929,4
930,8
931,8
932,6
933,0
934,8
935,5
936,9
937,1
938,7
939,8
940,8
941,6
942,8
943,8
944,4
945,7
946,6
947,4
948,9
949,5
950,7
951,7
952,4
953,9
954,4
955,0
956,5
957,8
958,0
959,8
960,4
961,7
962,9
963,3
964,8
965,0
966,6
967,8
968,4
969,0
970,4
971,5
972,8
973,1
974,8
975,1
976,0
977,7
978,4
979,9
980,6
981,5
982,9
983,7
984,4
985,8
986,4
987,6
988,6
989,8
990,7
991,6
992,1
993,4
994,6
995,4
996,8
997,7
998,7
999,4
1000,5
1001,8
1002,7
1003,4
1004,0
1005,7
1006,6
1007,7
1008,9
1009,5
1010,6
1011,1
1012,7
1013,7
1014,0
1015,4
1016,4
1017,8
1018,4
1019,4
1020,0
1021,0
1022,7
1023,4
1024,6
1025,5
1026,7
1027,8
1028,0
1029,7
1030,8
1031,0
1032,9
1033,3
1034,8
1035,8
1036,0
1037,8
1038,4
1039,8
1040,4
1041,4
1042,6
1043,8
1044,7
1045,7
1046,4
1047,8
1048,6
1049,8
1050,6
1051,6
1052,7
1053,8
1054,5
1055,1
1056,8
1057,4
1058,6
1059,8
1060,3
1061,4
1062,6
1063,0
1064,6
1065,0
1066,4
1067,1
1068,7
1069,4
1070,4
1071,4
1072,9
1073,1
1074,7
1075,8
1076,1
1077,4
1078,8
1079,9
1080,8
1081,4
1082,0
1083,1
1084,8
1085,6
1086,4
1087,7
1088,7
1089,1
1090,6
1091,8
1092,0
1093,3
1094,7
1095,8
1096,4
1097,3
1098,8
1099,8
1100,8
1101,4
1102,4
1103,5
1104,5
1105,4
1106,0
1107,1
1108,1
1109,4
1110,4
1111,4
1112,4
1113,9
1114,0
1115,5
1116,7
1117,8
1118,8
1119,8
1120,8
1121,6
1122,6
1123,4
1124,6
1125,0
1126,1
1127,8
1128,6
1129,1
1130,9
1131,5
1132,9
1133,4
1134,4
1135,8
1136,1
1137,9
1138,8
1139,4
1140,4
1141,5
1142,7
1143,6
1144,8
1145,5
1146,6
1147,4
1148,7
1149,6
1150,6
1151,6
1152,0
1153,9
1154,7
1155,7
1156,1
1157,4
1158,4
1159,7
1160,7
1161,6
1162,7
1163,6
1164,7
1165,4
1166,8
1167,8
1168,4
1169,8
1170,7
1171,1
1172,0
1173,8
1174,5
1175,4
1176,6
1177,4
1178,8
1179,1
1180,1
1181,0
1182,8
1183,8
1184,1
1185,4
1186,8
1187,8
1188,4
1189,9
1190,6
1191,0
1192,9
1193,8
1194,1
1195,8
1196,5
1197,7
1198,7
1199,8
1200,4
1201,9
1202,6
1203,4
1204,0
1205,4
1206,6
1207,4
1208,6
1209,7
1210,7
1211,1
1212,6
1213,8
1214,7
1215,6
1216,8
1217,1
1218,6
1219,9
1220,4
1221,6
1222,0
1223,8
1224,8
1225,8
1226,3
1227,5
1228,4
1229,1
1230,8
1231,7
1232,8
1233,8
1234,4
1235,5
1236,4
1237,9
1238,4
1239,8
1240,8
1241,4
1242,4
1243,1
1244,4
1245,9
1246,1
1247,6
1248,3
1249,7
1250,6
1251,7
1252,3
1253,6
1254,7
1255,1
1256,5
1257,9
1258,6
1259,4
1260,6
1261,6
1262,6
1263,7
1264,9
1265,0
1266,4
1267,8
1268,7
1269,1
1270,8
1271,6
1272,8
1273,0
1274,4
1275,7
1276,8
1277,4
1278,4
1279,4
1280,4
1281,7
1282,7
1283,8
1284,9
1285,6
1286,6
1287,7
1288,4
1289,4
1290,6
1291,0
1292,8
1293,8
1294,4
1295,4
1296,3
1297,8
1298,9
1299,1
1300,0
1301,6
1302,8
1303,7
1304,4
1305,1
1306,5
1307,5
1308,6
1309,7
1310,8
1311,7
1312,4
1313,8
1314,8
1315,4
1316,0
1317,4
1318,4
1319,9
1320,6
1321,4
1322,4
1323,7
1324,0
1325,8
1326,4
1327,4
1328,0
1329,8
1330,7
1331,4
1332,7
1333,4
1334,4
1335,6
1336,7
1337,0
1338,1
1339,7
1340,7
1341,8
1342,4
1343,7
1344,4
1345,7
1346,8
1347,6
1348,8
1349,4
1350,6
1351,8
1352,4
1353,8
1354,8
1355,4
1356,4
1357,6
1358,7
1359,4
1360,4
1361,7
1362,7
1363,7
1364,7
1365,8
1366,8
1367,8
1368,8
1369,4
1370,8
1371,8
1372,9
1373,6
1374,9
1375,4
1376,1
1377,6
1378,5
1379,4
1380,7
1381,1
1382,6
1383,1
1384,7
1385,4
1386,8
1387,6
1388,8
1389,8
1390,5
1391,0
1392,6
1393,8
1394,5
1395,4
1396,8
1397,8
1398,3
1399,9
1400,8
1401,7
1402,7
1403,4
1404,4
1405,5
1406,7
1407,9
1408,1
1409,4
1410,8
1411,8
1412,1
1413,8
1414,3
1415,9
1416,6
1417,0
1418,8
1419,4
1420,1
1421,6
1422,8
1423,8
1424,4
1425,7
1426,8
1427,4
1428,8
1429,9
1430,8
1431,5
1432,8
1433,7
1434,0
1435,7
1436,7
1437,8
1438,5
1439,7
1440,8
1441,4
1442,7
1443,4
1444,5
1445,6
1446,7
1447,9
1448,7
1449,7
1450,7
1451,0
1452,8
1453,4
1454,7
1455,6
1456,7
1457,4
1458,9
1459,8
1460,5
1461,9
1462,4
1463,7
1464,8
1465,4
1466,4
1467,4
1468,8
1469,6
1470,7
1471,4
1472,4
1473,5
1474,6
1475,6
1476,8
1477,4
1478,7
1479,4
1480,8
1481,3
1482,5
1483,7
1484,8
1485,5
1486,8
1487,8
1488,4
1489,8
1490,8
1491,8
1492,6
1493,4
1494,1
1495,1
1496,8
1497,4
1498,4
1499,4
1500,9
1501,6
1502,8
1503,3
1504,4
1505,7
1506,7
1507,1
1508,7
1509,8
1510,5
1511,8
1512,9
1513,0
1514,4
1515,6
1516,7
1517,7
1518,9
1519,6
1520,3
1521,8
1522,4
1523,4
1524,4
1525,8
1526,0
1527,4
1528,4
1529,7
1530,8
1531,1
1532,4
1533,5
1534,5
1535,4
1536,9
1537,6
1538,1
1539,3
1540,8
1541,5
1542,4
1543,5
1544,4
1545,4
1546,6
1547,8
1548,9
1549,8
1550,7
1551,8
1552,4
1553,3
1554,7
1555,8
1556,3
1557,1
1558,7
1559,9
1560,1
1561,6
1562,6
1563,4
1564,4
1565,8
1566,4
1567,0
1568,4
1569,6
1570,9
1571,0
1572,8
1573,0
1574,8
1575,4
1576,7
1577,4
1578,8
1579,8
1580,8
1581,6
1582,7
1583,8
1584,4
1585,8
1586,4
1587,4
1588,8
1589,5
1590,1
1591,4
1592,0
1593,0
1594,8
1595,4
1596,7
1597,8
1598,5
1599,6
1600,7
1601,4
1602,1
1603,5
1604,0
1605,4
1606,0
1607,6
1608,9
1609,6
1610,5
1611,8
1612,7
1613,1
1614,9
1615,0
1616,7
1617,8
1618,8
1619,6
1620,8
1621,1
1622,9
1623,4
1624,6
1625,6
1626,4
1627,6
1628,1
1629,8
1630,5
1631,7
1632,5
1633,6
1634,0
1635,8
1636,8
1637,1
1638,6
1639,0
1640,4
1641,6
1642,8
1643,7
1644,9
1645,4
1646,7
1647,6
1648,1
1649,8
1650,6
1651,8
1652,6
1653,7
1654,0
1655,4
1656,4
1657,8
1658,0
1659,7
1660,4
1661,6
1662,7
1663,6
1664,6
1665,8
1666,8
1667,4
1668,4
1669,8
1670,5
1671,3
1672,8
1673,5
1674,8
1675,8
1676,6
1677,6
1678,6
1679,8
1680,9
1681,7
1682,7
1683,0
1684,0
1685,4
1686,0
1687,5
1688,4
1689,0
1690,4
1691,9
1692,6
1693,6
1694,7
1695,4
1696,8
1697,4
1698,8
1699,0
1700,8
1701,8
1702,4
1703,9
1704,8
1705,0
1706,4
1707,9
1708,4
1709,3
1710,5
1711,1
1712,8
1713,7
1714,7
1715,1
1716,6
1717,8
1718,4
1719,0
1720,1
1721,3
1722,8
1723,6
1724,8
1725,3
1726,4
1727,7
1728,7
1729,3
1730,5
1731,8
1732,6
1733,7
1734,4
1735,6
1736,4
1737,0
1738,8
1739,4
1740,8
1741,8
1742,8
1743,8
1744,8
1745,4
1746,5
1747,7
1748,0
1749,8
1750,7
1751,4
1752,6
1753,4
1754,9
1755,8
1756,9
1757,6
1758,1
1759,6
1760,1
1761,8
1762,0
1763,5
1764,4
1765,4
1766,5
1767,6
1768,5
1769,7
1770,7
1771,9
1772,6
1773,8
1774,7
1775,5
1776,6
1777,6
1778,7
1779,9
1780,0
1781,5
1782,1
1783,8
1784,0
1785,1
1786,9
1787,6
1788,7
1789,8
1790,8
1791,9
1792,8
1793,4
1794,0
1795,8
1796,9
1797,7
1798,0
1799,1
1800,8
1801,6
1802,0
1803,7
1804,6
1805,8
1806,4
1807,6
1808,6
1809,7
1810,4
1811,0
1812,6
1813,7
1814,6
1815,8
1816,4
1817,3
1818,1
1819,4
1820,7
1821,8
1822,1
1823,8
1824,8
1825,6
1826,4
1827,4
1828,8
1829,9
1830,8
1831,8
1832,6
1833,4
1834,9
1835,1
1836,4
1837,7
1838,4
1839,6
1840,7
1841,4
1842,4
1843,3
1844,8
1845,6
1846,8
1847,3
1848,9
1849,8
1850,5
1851,4
1852,0
1853,6
1854,1
1855,8
1856,4
1857,6
1858,4
1859,7
1860,3
1861,6
1862,3
1863,8
1864,7
1865,1
1866,7
1867,6
1868,4
1869,5
1870,7
1871,0
1872,4
1873,0
1874,1
1875,8
1876,0
1877,8
1878,4
1879,7
1880,7
1881,3
1882,6
1883,1
1884,9
1885,8
1886,5
1887,7
1888,7
1889,1
1890,0
1891,9
1892,8
1893,6
1894,9
1895,4
1896,4
1897,6
1898,0
1899,4
1900,7
1901,4
1902,8
1903,8
1904,1
1905,3
1906,1
1907,8
1908,7
1909,8
1910,6
1911,0
1912,5
1913,8
1914,5
1915,6
1916,8
1917,8
1918,4
1919,7
1920,6
1921,4
1922,4
1923,7
1924,6
1925,4
1926,7
1927,7
1928,1
1929,7
1930,4
1931,0
1932,8
1933,6
1934,1
1935,8
1936,7
1937,6
1938,8
1939,7
1940,4
1941,6
1942,8
1943,4
1944,4
1945,4
1946,9
1947,0
1948,9
1949,4
1950,7
1951,7
1952,8
1953,9
1954,7
1955,4
1956,1
1957,4
1958,8
1959,7
1960,7
1961,6
1962,1
1963,9
1964,6
1965,4
1966,0
1967,8
1968,6
1969,8
1970,8
1971,9
1972,4
1973,9
1974,5
1975,7
1976,6
1977,5
1978,7
1979,9
1980,8
1981,6
1982,0
1983,4
1984,8
1985,4
1986,5
1987,9
1988,9
1989,6
1990,8
1991,6
1992,4
1993,4
1994,7
1995,4
1996,7
1997,5
1998,0
1999,4
2000,5
2001,7
2002,9
2003,1
2004,6
2005,4
2006,5
2007,0
2008,6
2009,4
2010,7
2011,1
2012,4
2013,4
2014,4
2015,4
2016,7
2017,8
2018,6
2019,4
2020,7
2021,6
2022,7
2023,8
2024,1
2025,1
2026,3
2027,8
2028,4
2029,4
2030,6
2031,6
2032,8
2033,8
2034,7
2035,4
2036,8
2037,3
2038,6
2039,7
2040,9
2041,8
2042,4
2043,4
2044,6
2045,3
2046,8
2047,8
2048,7
2049,8
2050,0
2051,7
2052,4
2053,8
2054,8
2055,5
2056,4
2057,8
2058,6
2059,9
2060,0
2061,8
2062,6
2063,7
2064,4
2065,8
2066,4
2067,6
2068,8
2069,7
2070,0
2071,4
2072,5
2073,7
2074,4
2075,0
2076,9
2077,8
2078,4
2079,4
2080,8
2081,1
2082,3
2083,6
2084,8
2085,8
2086,7
2087,6
2088,0
2089,7
2090,6
2091,7
2092,1
2093,8
2094,0
2095,4
2096,9
2097,8
2098,6
2099,7
2100,0
2101,7
2102,4
2103,4
2104,3
2105,6
2106,4
2107,7
2108,5
2109,0
2110,4
2111,8
2112,9
2113,0
2114,0
2115,7
2116,8
2117,0
2118,7
2119,8
2120,8
2121,0
2122,9
2123,4
2124,8
2125,8
2126,5
2127,0
2128,8
2129,6
2130,8
2131,7
2132,6
2133,8
2134,8
2135,7
2136,6
2137,4
2138,4
2139,6
2140,4
2141,7
2142,4
2143,4
2144,4
2145,1
2146,5
2147,6
2148,7
2149,7
2150,8
2151,6
2152,9
2153,9
2154,1
2155,7
2156,0
2157,0
2158,5
2159,7
2160,4
2161,7
2162,8
2163,6
2164,7
2165,6
2166,7
2167,4
2168,0
2169,4
2170,9
2171,4
2172,8
2173,7
2174,8
2175,3
2176,9
2177,7
2178,3
2179,9
2180,0
2181,1
2182,0
2183,6
2184,7
2185,9
2186,8
2187,6
2188,6
2189,4
2190,6
2191,4
2192,0
2193,1
2194,9
2195,9
2196,1
2197,8
2198,4
2199,4
2200,4
2201,8
2202,6
2203,4
2204,8
2205,1
2206,3
2207,7
2208,8
2209,6
2210,8
2211,2
2212,5
2213,5
2214,4
2215,4
2216,4
2217,8
2218,8
2219,8
2220,4
2221,8
2222,1
2223,7
2224,0
2225,7
2226,4
2227,1
2228,6
2229,0
2230,7
2231,6
2232,8
2233,0
2234,7
2235,3
2236,8
2237,7
2238,6
2239,4
2240,0
2241,8
2242,0
2243,7
2244,9
2245,6
2246,4
2247,5
2248,4
2249,7
2250,9
2251,4
2252,0
2253,6
2254,4
2255,4
2256,8
2257,0
2258,7
2259,7
2260,0
2261,8
2262,8
2263,4
2264,7
2265,8
2266,5
2267,7
2268,6
2269,1
2270,7
2271,8
2272,3
2273,6
2274,4
2275,9
2276,1
2277,4
2278,4
2279,6
2280,4
2281,1
2282,8
2283,5
2284,5
2285,4
2286,6
2287,6
2288,8
2289,7
2290,9
2291,1
2292,7
2293,1
2294,0
2295,0
2296,7
2297,5
2298,0
2299,9
2300,7
2301,8
2302,9
2303,4
2304,8
2305,7
2306,4
2307,4
2308,4
2309,8
2310,0
2311,9
2312,8
2313,4
2314,8
2315,4
2316,4
2317,6
2318,6
2319,7
2320,5
2321,6
2322,3
2323,8
2324,7
2325,6
2326,1
2327,0
2328,9
2329,9
2330,8
2331,7
2332,4
2333,0
2334,0
2335,6
2336,8
2337,8
2338,7
2339,7
2340,6
2341,6
2342,6
2343,5
2344,8
2345,4
2346,4
2347,0
2348,8
2349,7
2350,7
2351,8
2352,7
2353,5
2354,0
2355,7
2356,7
2357,0
2358,0
2359,4
2360,6
2361,6
2362,8
2363,4
2364,6
2365,8
2366,9
2367,6
2368,9
2369,7
2370,7
2371,4
2372,8
2373,8
2374,7
2375,8
2376,0
2377,7
2378,3
2379,3
2380,9
2381,5
2382,8
2383,9
2384,8
2385,8
2386,8
2387,1
2388,4
2389,1
2390,9
2391,6
2392,6
2393,5
2394,8
2395,6
2396,4
2397,4
2398,1
2399,6
2400,8
2401,5
2402,8
2403,4
2404,0
2405,9
2406,7
2407,8
2408,8
2409,0
2410,5
2411,0
2412,8
2413,4
2414,3
2415,4
2416,6
2417,5
2418,8
2419,4
2420,8
2421,5
2422,6
2423,8
2424,4
2425,7
2426,6
2427,4
2428,9
2429,6
2430,6
2431,6
2432,6
2433,8
2434,1
2435,6
2436,1
2437,6
2438,5
2439,5
2440,7
2441,4
2442,7
2443,6
2444,9
2445,6
2446,4
2447,4
2448,4
2449,1
2450,0
2451,8
2452,8
2453,4
2454,6
2455,0
2456,8
2457,9
2458,3
2459,7
2460,7
2461,4
2462,7
2463,3
2464,7
2465,7
2466,8
2467,4
2468,6
2469,4
2470,4
2471,7
2472,4
2473,1
2474,9
2475,4
2476,9
2477,4
2478,8
2479,1
2480,0
2481,7
2482,6
2483,1
2484,7
2485,4
2486,6
2487,4
2488,7
2489,7
2490,6
2491,0
2492,4
2493,3
2494,6
2495,5
2496,6
2497,7
2498,9
2499,0
2500,7
2501,1
2502,9
2503,4
2504,8
2505,8
2506,8
2507,8
2508,8
2509,0
2510,4
2511,8
2512,6
2513,5
2514,4
2515,9
2516,0
2517,9
2518,6
2519,9
2520,4
2521,9
2522,5
2523,9
2524,3
2525,6
2526,4
2527,6
2528,4
2529,5
2530,3
2531,4
2532,3
2533,8
2534,6
2535,8
2536,7
2537,9
2538,8
2539,9
2540,4
2541,8
2542,7
2543,8
2544,6
2545,8
2546,5
2547,0
2548,8
2549,6
2550,6
2551,0
2552,5
2553,8
2554,7
2555,1
2556,0
2557,8
2558,0
2559,4
2560,6
2561,4
2562,5
2563,6
2564,4
2565,4
2566,4
2567,4
2568,6
2569,5
2570,4
2571,4
2572,7
2573,8
2574,3
2575,4
2576,7
2577,8
2578,8
2579,4
2580,0
2581,1
2582,8
2583,4
2584,8
2585,7
2586,8
2587,8
2588,5
2589,8
2590,6
2591,6
2592,6
2593,8
2594,1
2595,7
2596,6
2597,7
2598,6
2599,0
2600,1
2601,8
2602,5
2603,4
2604,7
2605,1
2606,6
2607,6
2608,8
2609,5
2610,4
2611,8
2612,7
2613,4
2614,4
2615,8
2616,8
2617,5
2618,0
2619,5
2620,1
2621,0
2622,8
2623,3
2624,5
2625,8
2626,6
2627,0
2628,7
2629,4
2630,6
2631,0
2632,0
2633,6
2634,8
2635,8
2636,6
2637,9
2638,8
2639,9
2640,7
2641,9
2642,4
2643,7
2644,9
2645,8
2646,4
2647,8
2648,8
2649,4
2650,0
2651,7
2652,4
2653,8
2654,8
2655,0
2656,0
2657,4
2658,8
2659,4
2660,4
2661,0
2662,8
2663,5
2664,7
2665,4
2666,6
2667,8
2668,8
2669,9
2670,4
2671,9
2672,4
2673,0
2674,5
2675,7
2676,5
2677,9
2678,7
2679,6
2680,8
2681,3
2682,3
2683,4
2684,4
2685,6
2686,7
2687,0
2688,8
2689,1
2690,4
2691,6
2692,1
2693,1
2694,8
2695,4
2696,8
2697,1
2698,4
2699,8
2700,4
2701,8
2702,7
2703,8
2704,9
2705,4
2706,4
2707,7
2708,6
2709,6
2710,0
2711,7
2712,1
2713,4
2714,3
2715,0
2716,6
2717,8
2718,9
2719,0
2720,4
2721,7
2722,8
2723,7
2724,7
2725,5
2726,0
2727,0
2728,4
2729,7
2730,8
2731,7
2732,4
2733,4
2734,0
2735,4
2736,7
2737,8
2738,0
2739,0
2740,8
2741,6
2742,3
2743,8
2744,0
2745,8
2746,8
2747,5
2748,8
2749,8
2750,8
2751,5
2752,8
2753,8
2754,8
2755,6
2756,8
2757,8
2758,6
2759,2
2760,9
2761,0
2762,8
2763,4
2764,5
2765,1
2766,4
2767,8
2768,6
2769,8
2770,8
2771,3
2772,1
2773,4
2774,6
2775,7
2776,1
2777,7
2778,1
2779,9
2780,4
2781,0
2782,0
2783,1
2784,6
2785,4
2786,4
2787,6
2788,4
2789,5
2790,1
2791,1
2792,6
2793,0
2794,4
2795,6
2796,8
2797,7
2798,1
2799,4
2800,7
2801,8
2802,4
2803,0
2804,4
2805,7
2806,8
2807,1
2808,6
2809,4
2810,4
2811,8
2812,4
2813,0
2814,4
2815,8
2816,5
2817,4
2818,4
2819,9
2820,8
2821,4
2822,8
2823,0
2824,7
2825,8
2826,1
2827,3
2828,4
2829,6
2830,8
2831,2
2832,8
2833,1
2834,5
2835,6
2836,8
2837,4
2838,6
2839,1
2840,7
2841,1
2842,8
2843,6
2844,4
2845,4
2846,8
2847,9
2848,7
2849,6
2850,0
2851,4
2852,7
2853,4
2854,7
2855,0
2856,8
2857,0
2858,4
2859,8
2860,7
2861,4
2862,4
2863,5
2864,4
2865,4
2866,4
2867,8
2868,4
2869,7
2870,1
2871,4
2872,3
2873,8
2874,3
2875,5
2876,4
2877,3
2878,1
2879,9
2880,4
2881,7
2882,4
2883,7
2884,8
2885,8
2886,9
2887,8
2888,1
2889,4
2890,1
2891,5
2892,4
2893,0
2894,6
2895,9
2896,7
2897,4
2898,4
2899,8
2900,4
2901,4
2902,8
2903,7
2904,8
2905,4
2906,7
2907,8
2908,6
2909,8
2910,8
2911,4
2912,8
2913,3
2914,4
2915,7
2916,6
2917,5
2918,8
2919,8
2920,6
2921,8
2922,0
2923,8
2924,0
2925,4
2926,9
2927,1
2928,7
2929,1
2930,5
2931,8
2932,7
2933,8
2934,7
2935,4
2936,0
2937,7
2938,7
2939,4
2940,4
2941,3
2942,1
2943,4
2944,4
2945,0
2946,8
2947,6
2948,0
2949,4
2950,6
2951,8
2952,8
2953,8
2954,3
2955,8
2956,8
2957,3
2958,0
2959,1
2960,7
2961,4
2962,0
2963,1
2964,1
2965,8
2966,4
2967,9
2968,4
2969,4
2970,8
2971,0
2972,7
2973,4
2974,5
2975,6
2976,4
2977,4
2978,6
2979,8
2980,4
2981,4
2982,7
2983,8
2984,4
2985,6
2986,1
2987,4
2988,7
2989,6
2990,4
2991,4
2992,8
2993,4
2994,5
2995,8
2996,4
2997,7
2998,3
2999,8
3000,8
3001,4
3002,7
3003,4
3004,8
3005,7
3006,4
3007,9
3008,4
3009,7
3010,0
3011,1
3012,8
3013,5
3014,0
3015,7
3016,4
3017,8
3018,4
3019,6
3020,0
3021,8
3022,8
3023,8
3024,4
3025,4
3026,7
3027,8
3028,6
3029,8
3030,4
3031,4
3032,4
3033,8
3034,7
3035,6
3036,8
3037,1
3038,9
3039,5
3040,6
3041,4
3042,1
3043,4
3044,4
3045,6
3046,5
3047,8
3048,8
3049,6
3050,8
3051,5
3052,0
3053,4
3054,0
3055,8
3056,8
3057,4
3058,0
3059,6
3060,8
3061,6
3062,9
3063,8
3064,9
3065,7
3066,0
3067,6
3068,4
3069,5
3070,6
3071,8
3072,6
3073,7
3074,9
3075,8
3076,7
3077,0
3078,8
3079,0
3080,4
3081,0
3082,9
3083,8
3084,8
3085,5
3086,5
3087,7
3088,7
3089,7
3090,5
3091,7
3092,7
3093,4
3094,4
3095,6
3096,6
3097,8
3098,5
3099,7
3100,4
3101,8
3102,8
3103,6
3104,4
3105,6
3106,7
3107,6
3108,8
3109,0
3110,4
3111,4
3112,8
3113,4
3114,7
3115,4
3116,8
3117,6
3118,1
3119,4
3120,4
3121,6
3122,4
3123,7
3124,1
3125,8
3126,8
3127,2
3128,8
3129,6
3130,8
3131,4
3132,8
3133,8
3134,4
3135,4
3136,1
3137,8
3138,0
3139,8
3140,4
3141,1
3142,4
3143,7
3144,0
3145,8
3146,4
3147,8
3148,9
3149,7
3150,0
3151,8
3152,4
3153,8
3154,8
3155,0
3156,4
3157,4
3158,4
3159,8
3160,8
3161,4
3162,4
3163,8
3164,3
3165,1
3166,8
3167,7
3168,1
3169,8
3170,4
3171,4
3172,8
3173,7
3174,7
3175,4
3176,4
3177,4
3178,1
3179,8
3180,4
3181,7
3182,8
3183,4
3184,7
3185,1
3186,4
3187,6
3188,8
3189,6
3190,8
3191,7
3192,0
3193,0
3194,7
3195,8
3196,7
3197,8
3198,3
3199,4
3200,4
3201,6
3202,8
3203,9
3204,0
3205,7
3206,8
3207,1
3208,6
3209,8
3210,6
3211,6
3212,9
3213,8
3214,7
3215,8
3216,5
3217,6
3218,5
3219,8
3220,4
3221,8
3222,7
3223,4
3224,5
3225,4
3226,8
3227,9
3228,4
3229,4
3230,5
3231,6
3232,9
3233,5
3234,9
3235,1
3236,6
3237,0
3238,4
3239,0
3240,7
3241,7
3242,8
3243,4
3244,8
3245,8
3246,0
3247,4
3248,3
3249,1
3250,8
3251,7
3252,1
3253,7
3254,8
3255,6
3256,5
3257,4
3258,5
3259,4
3260,9
3261,5
3262,6
3263,4
3264,6
3265,8
3266,8
3267,8
3268,7
3269,8
3270,0
3271,8
3272,8
3273,4
3274,1
3275,8
3276,9
3277,9
3278,0
3279,1
3280,8
3281,8
3282,7
3283,8
3284,5
3285,4
3286,4
3287,0
3288,4
3289,5
3290,5
3291,8
3292,6
3293,4
3294,4
3295,7
3296,6
3297,6
3298,6
3299,8
3300,8
3301,6
3302,7
3303,8
3304,0
3305,4
3306,1
3307,3
3308,7
3309,6
3310,7
3311,9
3312,5
3313,4
3314,5
3315,8
3316,9
3317,6
3318,5
3319,1
3320,4
3321,0
3322,3
3323,6
3324,5
3325,6
3326,4
3327,4
3328,0
3329,8
3330,9
3331,8
3332,1
3333,8
3334,7
3335,9
3336,3
3337,0
3338,7
3339,1
3340,8
3341,1
3342,1
3343,8
3344,8
3345,6
3346,4
3347,9
3348,6
3349,4
3350,8
3351,7
3352,6
3353,4
3354,3
3355,9
3356,8
3357,1
3358,5
3359,7
3360,4
3361,8
3362,6
3363,6
3364,6
3365,4
3366,4
3367,8
3368,1
3369,4
3370,4
3371,1
3372,7
3373,1
3374,1
3375,4
3376,6
3377,4
3378,9
3379,6
3380,1
3381,4
3382,6
3383,7
3384,5
3385,8
3386,8
3387,8
3388,9
3389,0
3390,4
3391,4
3392,5
3393,6
3394,8
3395,3
3396,9
3397,8
3398,7
3399,1
3400,6
3401,0
3402,4
3403,7
3404,7
3405,7
3406,5
3407,8
3408,3
3409,7
3410,0
3411,8
3412,6
3413,4
3414,0
3415,0
3416,8
3417,6
3418,5
3419,4
3420,3
3421,5
3422,4
3423,6
3424,5
3425,8
3426,0
3427,7
3428,3
3429,8
3430,6
3431,0
3432,3
3433,7
3434,4
3435,9
3436,8
3437,5
3438,8
3439,7
3440,4
3441,6
3442,8
3443,4
3444,7
3445,8
3446,8
3447,1
3448,4
3449,0
3450,4
3451,1
3452,4
3453,7
3454,3
3455,3
3456,6
3457,5
3458,6
3459,8
3460,4
3461,6
3462,4
3463,6
3464,6
3465,4
3466,0
3467,8
3468,1
3469,1
3470,7
3471,4
3472,6
3473,1
3474,3
3475,2
3476,4
3477,4
3478,5
3479,7
3480,4
3481,4
3482,3
3483,6
3484,7
3485,4
3486,7
3487,7
3488,8
3489,1
3490,1
3491,7
3492,8
3493,0
3494,9
3495,4
3496,6
3497,7
3498,8
3499,1
3500,5
3501,7
3502,8
3503,6
3504,4
3505,6
3506,1
3507,1
3508,4
3509,6
3510,8
3511,7
3512,4
3513,6
3514,4
3515,4
3516,0
3517,7
3518,4
3519,3
3520,4
3521,4
3522,6
3523,0
3524,9
3525,7
3526,5
3527,8
3528,8
3529,8
3530,7
3531,3
3532,8
3533,7
3534,6
3535,4
3536,8
3537,8
3538,8
3539,3
3540,8
3541,4
3542,6
3543,6
3544,4
3545,7
3546,6
3547,9
3548,8
3549,5
3550,7
3551,8
3552,8
3553,4
3554,9
3555,9
3556,7
3557,8
3558,9
3559,0
3560,8
3561,4
3562,0
3563,4
3564,8
3565,6
3566,7
3567,6
3568,4
3569,4
3570,0
3571,6
3572,6
3573,6
3574,8
3575,4
3576,3
3577,3
3578,8
3579,5
3580,4
3581,7
3582,4
3583,4
3584,0
3585,8
3586,4
3587,7
3588,4
3589,4
3590,5
3591,7
3592,1
3593,6
3594,5
3595,7
3596,5
3597,1
3598,4
3599,3
3600,0
3601,0
3602,0
3603,4
3604,4
3605,7
3606,4
3607,8
3608,7
3609,8
3610,7
3611,4
3612,8
3613,6
3614,5
3615,8
3616,8
3617,7
3618,8
3619,8
3620,8
3621,4
3622,8
3623,4
3624,4
3625,8
3626,3
3627,1
3628,1
3629,0
3630,4
3631,5
3632,6
3633,7
3634,0
3635,6
3636,0
3637,8
3638,1
3639,3
3640,5
3641,8
3642,6
3643,8
3644,7
3645,8
3646,5
3647,6
3648,1
3649,8
3650,4
3651,8
3652,6
3653,0
3654,4
3655,7
3656,4
3657,4
3658,7
3659,1
3660,0
3661,1
3662,0
3663,8
3664,4
3665,0
3666,4
3667,0
3668,7
3669,0
3670,1
3671,6
3672,4
3673,4
3674,0
3675,4
3676,4
3677,4
3678,9
3679,5
3680,4
3681,9
3682,8
3683,9
3684,7
3685,8
3686,4
3687,8
3688,7
3689,7
3690,7
3691,5
3692,6
3693,4
3694,8
3695,3
3696,6
3697,8
3698,4
3699,6
3700,8
3701,1
3702,9
3703,5
3704,7
3705,9
3706,7
3707,4
3708,8
3709,7
3710,8
3711,8
3712,3
3713,4
3714,7
3715,3
3716,4
3717,6
3718,6
3719,7
3720,6
3721,7
3722,5
3723,7
3724,4
3725,7
3726,6
3727,2
3728,3
3729,6
3730,4
3731,4
3732,6
3733,6
3734,4
3735,4
3736,0
3737,8
3738,8
3739,8
3740,6
3741,9
3742,1
3743,8
3744,8
3745,5
3746,4
3747,8
3748,0
3749,8
3750,6
3751,8
3752,9
3753,7
3754,4
3755,9
3756,0
3757,3
3758,9
3759,6
3760,3
3761,9
3762,1
3763,1
3764,9
3765,9
3766,8
3767,0
3768,0
3769,8
3770,1
3771,0
3772,6
3773,4
3774,5
3775,8
3776,8
3777,7
3778,7
3779,4
3780,3
3781,7
3782,9
3783,7
3784,6
3785,4
3786,7
3787,7
3788,3
3789,1
3790,7
3791,1
3792,4
3793,0
3794,3
3795,8
3796,1
3797,8
3798,4
3799,7
3800,3
3801,8
3802,4
3803,8
3804,4
3805,4
3806,8
3807,7
3808,4
3809,8
3810,8
3811,0
3812,9
3813,1
3814,8
3815,0
3816,7
3817,4
3818,8
3819,8
3820,8
3821,1
3822,8
3823,6
3824,8
3825,8
3826,9
3827,0
3828,4
3829,1
3830,8
3831,9
3832,5
3833,7
3834,4
3835,0
3836,5
3837,6
3838,9
3839,8
3840,0
3841,7
3842,7
3843,7
3844,4
3845,1
3846,8
3847,4
3848,6
3849,7
3850,8
3851,7
3852,9
3853,9
3854,5
3855,9
3856,0
3857,7
3858,8
3859,4
3860,4
3861,6
3862,1
3863,9
3864,0
3865,5
3866,8
3867,6
3868,5
3869,7
3870,5
3871,6
3872,9
3873,7
3874,6
3875,7
3876,8
3877,4
3878,1
3879,8
3880,4
3881,7
3882,7
3883,7
3884,6
3885,9
3886,0
3887,0
3888,6
3889,9
3890,5
3891,8
3892,6
3893,7
3894,8
3895,8
3896,1
3897,3
3898,7
3899,7
3900,7
3901,9
3902,3
3903,9
3904,0
3905,0
3906,9
3907,7
3908,7
3909,7
3910,9
3911,7
3912,7
3913,4
3914,4
3915,8
3916,4
3917,6
3918,4
3919,7
3920,4
3921,8
3922,4
3923,3
3924,8
3925,1
3926,4
3927,7
3928,8
3929,6
3930,7
3931,8
3932,8
3933,0
3934,4
3935,8
3936,4
3937,8
3938,0
3939,4
3940,6
3941,8
3942,8
3943,8
3944,4
3945,4
3946,7
3947,4
3948,1
3949,0
3950,0
3951,8
3952,1
3953,9
3954,8
3955,6
3956,7
3957,8
3958,1
3959,7
3960,4
3961,8
3962,8
3963,7
3964,4
3965,7
3966,4
3967,7
3968,0
3969,7
3970,6
3971,1
3972,9
3973,1
3974,4
3975,9
3976,5
3977,6
3978,4
3979,9
3980,4
3981,8
3982,8
3983,8
3984,3
3985,5
3986,1
3987,0
3988,7
3989,6
3990,8
3991,1
3992,8
3993,7
3994,1
3995,1
3996,4
3997,6
3998,8
3999,6
4000,8
4001,6
4002,8
4003,1
4004,8
4005,6
4006,0
4007,4
4008,8
4009,8
4010,7
4011,1
4012,1
4013,4
4014,4
4015,8
4016,4
4017,9
4018,7
4019,7
4020,4
4021,8
4022,5
4023,8
4024,0
4025,7
4026,4
4027,8
4028,8
4029,7
4030,7
4031,8
4032,8
4033,0
4034,8
4035,6
4036,7
4037,0
4038,6
4039,8
4040,6
4041,7
4042,5
4043,6
4044,7
4045,6
4046,4
4047,8
4048,6
4049,4
4050,1
4051,4
4052,6
4053,7
4054,8
4055,3
4056,5
4057,3
4058,6
4059,0
4060,0
4061,8
4062,0
4063,7
4064,9
4065,8
4066,1
4067,8
4068,4
4069,4
4070,4
4071,4
4072,8
4073,8
4074,1
4075,4
4076,4
4077,1
4078,8
4079,0
4080,6
4081,8
4082,9
4083,1
4084,3
4085,6
4086,4
4087,1
4088,4
4089,8
4090,6
4091,8
4092,3
4093,7
4094,8
4095,3
4096,8
4097,0
4098,1
4099,6
4100,1
4101,4
4102,4
4103,1
4104,4
4105,8
4106,0
4107,4
4108,8
4109,0
4110,7
4111,8
4112,6
4113,8
4114,0
4115,4
4116,4
4117,8
4118,9
4119,8
4120,4
4121,8
4122,1
4123,8
4124,4
4125,6
4126,8
4127,7
4128,1
4129,0
4130,4
4131,9
4132,4
4133,9
4134,8
4135,5
4136,4
4137,9
4138,4
4139,5
4140,8
4141,0
4142,9
4143,0
4144,1
4145,3
4146,6
4147,8
4148,8
4149,4
4150,8
4151,3
4152,7
4153,4
4154,7
4155,4
4156,7
4157,0
4158,6
4159,6
4160,4
4161,8
4162,1
4163,8
4164,3
4165,0
4166,6
4167,3
4168,4
4169,4
4170,8
4171,4
4172,7
4173,5
4174,8
4175,6
4176,4
4177,8
4178,3
4179,8
4180,3
4181,3
4182,6
4183,8
4184,1
4185,7
4186,8
4187,0
4188,9
4189,6
4190,4
4191,3
4192,7
4193,7
4194,3
4195,6
4196,8
4197,4
4198,3
4199,8
4200,4
4201,7
4202,7
4203,8
4204,8
4205,8
4206,9
4207,0
4208,0
4209,0
4210,1
4211,4
4212,7
4213,1
4214,7
4215,8
4216,7
4217,7
4218,8
4219,9
4220,8
4221,4
4222,1
4223,0
4224,7
4225,1
4226,7
4227,8
4228,4
4229,0
4230,0
4231,3
4232,5
4233,0
4234,8
4235,8
4236,8
4237,8
4238,8
4239,6
4240,6
4241,9
4242,4
4243,6
4244,1
4245,8
4246,6
4247,6
4248,1
4249,4
4250,9
4251,6
4252,0
4253,8
4254,0
4255,6
4256,4
4257,6
4258,8
4259,5
4260,4
4261,7
4262,7
4263,5
4264,6
4265,4
4266,6
4267,2
4268,7
4269,1
4270,4
4271,9
4272,4
4273,6
4274,4
4275,8
4276,8
4277,6
4278,9
4279,8
4280,9
4281,9
4282,7
4283,7
4284,3
4285,9
4286,8
4287,4
4288,0
4289,6
4290,2
4291,8
4292,5
4293,8
4294,4
4295,8
4296,4
4297,4
4298,8
4299,7
4300,7
4301,3
4302,8
4303,6
4304,1
4305,8
4306,8
4307,5
4308,4
4309,5
4310,8
4311,6
4312,9
4313,8
4314,6
4315,9
4316,7
4317,7
4318,8
4319,8
4320,8
4321,0
4322,8
4323,6
4324,6
4325,3
4326,1
4327,8
4328,0
4329,8
4330,0
4331,4
4332,3
4333,4
4334,3
4335,4
4336,9
4337,1
4338,9
4339,9
4340,7
4341,4
4342,0
4343,1
4344,9
4345,7
4346,0
4347,6
4348,7
4349,4
4350,1
4351,9
4352,4
4353,8
4354,7
4355,5
4356,6
4357,8
4358,8
4359,3
4360,8
4361,1
4362,4
4363,7
4364,6
4365,4
4366,7
4367,6
4368,0
4369,6
4370,4
4371,7
4372,8
4373,5
4374,6
4375,0
4376,8
4377,8
4378,8
4379,0
4380,4
4381,9
4382,9
4383,5
4384,4
4385,4
4386,8
4387,3
4388,4
4389,6
4390,1
4391,3
4392,4
4393,7
4394,7
4395,8
4396,7
4397,1
4398,0
4399,9
4400,6
4401,7
4402,8
4403,8
4404,8
4405,5
4406,7
4407,8
4408,9
4409,7
4410,6
4411,8
4412,8
4413,1
4414,0
4415,8
4416,6
4417,9
4418,8
4419,4
4420,7
4421,0
4422,7
4423,6
4424,6
4425,1
4426,4
4427,1
4428,0
4429,4
4430,3
4431,8
4432,6
4433,7
4434,4
4435,7
4436,1
4437,8
4438,7
4439,8
4440,4
4441,6
4442,0
4443,7
4444,6
4445,8
4446,8
4447,8
4448,9
4449,7
4450,7
4451,4
4452,4
4453,4
4454,4
4455,8
4456,8
4457,0
4458,8
4459,1
4460,0
4461,4
4462,7
4463,7
4464,4
4465,1
4466,7
4467,4
4468,9
4469,4
4470,7
4471,7
4472,8
4473,7
4474,7
4475,8
4476,7
4477,1
4478,8
4479,6
4480,6
4481,8
4482,4
4483,1
4484,1
4485,5
4486,5
4487,6
4488,4
4489,4
4490,1
4491,7
4492,6
4493,3
4494,9
4495,4
4496,9
4497,8
4498,7
4499,4
4500,1
4501,5
4502,0
4503,0
4504,0
4505,6
4506,8
4507,7
4508,5
4509,4
4510,3
4511,0
4512,9
4513,4
4514,1
4515,8
4516,4
4517,4
4518,8
4519,5
4520,6
4521,6
4522,3
4523,0
4524,4
4525,9
4526,8
4527,3
4528,1
4529,4
4530,0
4531,4
4532,8
4533,5
4534,6
4535,7
4536,4
4537,4
4538,4
4539,6
4540,1
4541,8
4542,6
4543,4
4544,9
4545,4
4546,6
4547,8
4548,9
4549,1
4550,8
4551,9
4552,8
4553,8
4554,0
4555,4
4556,8
4557,4
4558,8
4559,6
4560,8
4561,7
4562,1
4563,6
4564,1
4565,4
4566,9
4567,0
4568,4
4569,4
4570,7
4571,9
4572,8
4573,4
4574,9
4575,4
4576,8
4577,4
4578,8
4579,7
4580,0
4581,3
4582,7
4583,5
4584,9
4585,6
4586,5
4587,8
4588,3
4589,3
4590,1
4591,0
4592,9
4593,4
4594,8
4595,3
4596,4
4597,4
4598,4
4599,4
4600,4
4601,3
4602,6
4603,1
4604,4
4605,5
4606,0
4607,0
4608,7
4609,5
4610,7
4611,8
4612,0
4613,8
4614,7
4615,0
4616,6
4617,7
4618,6
4619,6
4620,6
4621,5
4622,8
4623,8
4624,7
4625,4
4626,3
4627,0
4628,4
4629,5
4630,4
4631,8
4632,9
4633,4
4634,6
4635,0
4636,4
4637,9
4638,5
4639,7
4640,6
4641,7
4642,3
4643,7
4644,7
4645,6
4646,6
4647,8
4648,6
4649,0
4650,8
4651,4
4652,3
4653,8
4654,1
4655,0
4656,6
4657,4
4658,4
4659,4
4660,8
4661,0
4662,1
4663,4
4664,8
4665,7
4666,4
4667,6
4668,0
4669,8
4670,9
4671,6
4672,7
4673,0
4674,9
4675,7
4676,7
4677,7
4678,4
4679,7
4680,8
4681,6
4682,4
4683,7
4684,1
4685,8
4686,8
4687,4
4688,4
4689,4
4690,4
4691,8
4692,0
4693,7
4694,8
4695,7
4696,7
4697,4
4698,0
4699,5
4700,6
4701,6
4702,4
4703,8
4704,5
4705,4
4706,1
4707,6
4708,7
4709,8
4710,8
4711,8
4712,6
4713,4
4714,6
4715,9
4716,0
4717,4
4718,4
4719,4
4720,8
4721,6
4722,1
4723,4
4724,4
4725,4
4726,7
4727,4
4728,5
4729,8
4730,6
4731,4
4732,5
4733,1
4734,4
4735,4
4736,7
4737,4
4738,6
4739,8
4740,1
4741,1
4742,5
4743,8
4744,7
4745,0
4746,8
4747,8
4748,7
4749,4
4750,7
4751,1
4752,8
4753,6
4754,4
4755,0
4756,3
4757,4
4758,6
4759,8
4760,4
4761,3
4762,6
4763,4
4764,0
4765,4
4766,9
4767,8
4768,4
4769,8
4770,3
4771,8
4772,4
4773,1
4774,7
4775,0
4776,7
4777,9
4778,7
4779,7
4780,8
4781,9
4782,4
4783,8
4784,4
4785,0
4786,7
4787,1
4788,0
4789,0
4790,8
4791,3
4792,2
4793,8
4794,7
4795,9
4796,8
4797,8
4798,8
4799,3
4800,1
4801,0
4802,9
4803,4
4804,6
4805,8
4806,7
4807,0
4808,4
4809,8
4810,6
4811,0
4812,4
4813,8
4814,7
4815,7
4816,8
4817,4
4818,5
4819,4
4820,0
4821,1
4822,7
4823,8
4824,8
4825,7
4826,6
4827,4
4828,8
4829,6
4830,6
4831,1
4832,9
4833,4
4834,3
4835,8
4836,8
4837,6
4838,4
4839,3
4840,5
4841,4
4842,6
4843,6
4844,8
4845,4
4846,4
4847,0
4848,8
4849,7
4850,4
4851,8
4852,8
4853,7
4854,3
4855,7
4856,4
4857,6
4858,0
4859,8
4860,8
4861,7
4862,7
4863,0
4864,3
4865,0
4866,4
4867,5
4868,8
4869,0
4870,9
4871,7
4872,6
4873,8
4874,4
4875,8
4876,5
4877,9
4878,6
4879,7
4880,6
4881,4
4882,5
4883,0
4884,8
4885,8
4886,8
4887,8
4888,4
4889,4
4890,8
4891,4
4892,3
4893,0
4894,4
4895,4
4896,9
4897,8
4898,8
4899,8
4900,4
4901,0
4902,0
4903,4
4904,8
4905,6
4906,6
4907,9
4908,3
4909,8
4910,1
4911,6
4912,8
4913,8
4914,0
4915,4
4916,4
4917,9
4918,4
4919,6
4920,9
4921,4
4922,6
4923,5
4924,6
4925,9
4926,9
4927,1
4928,4
4929,8
4930,5
4931,4
4932,6
4933,5
4934,4
4935,1
4936,6
4937,4
4938,0
4939,4
4940,7
4941,6
4942,5
4943,7
4944,3
4945,6
4946,8
4947,5
4948,9
4949,6
4950,8
4951,7
4952,5
4953,8
4954,4
4955,5
4956,6
4957,7
4958,9
4959,8
4960,8
4961,8
4962,8
4963,8
4964,8
4965,4
4966,6
4967,4
4968,5
4969,0
4970,7
4971,7
4972,7
4973,5
4974,4
4975,8
4976,6
4977,4
4978,1
4979,8
4980,8
4981,7
4982,5
4983,8
4984,6
4985,1
4986,6
4987,6
4988,4
4989,0
4990,7
4991,0
4992,4
4993,0
4994,7
4995,1
4996,1
4997,6
4998,8
4999,8
5000,8
5001,4
5002,3
5003,4
5004,8
5005,8
5006,9
5007,8
5008,1
5009,8
5010,8
5011,9
5012,8
5013,8
5014,8
5015,4
5016,7
5017,1
5018,4
5019,4
5020,8
5021,1
5022,8
5023,0
5024,8
5025,7
5026,0
5027,7
5028,4
5029,8
5030,8
5031,7
5032,6
5033,7
5034,8
5035,8
5036,6
5037,8
5038,8
5039,8
5040,1
5041,8
5042,9
5043,5
5044,8
5045,5
5046,8
5047,7
5048,4
5049,7
5050,4
5051,8
5052,7
5053,5
5054,5
5055,0
5056,7
5057,0
5058,8
5059,3
5060,3
5061,0
5062,4
5063,8
5064,7
5065,8
5066,1
5067,9
5068,8
5069,8
5070,4
5071,7
5072,6
5073,4
5074,8
5075,4
5076,4
5077,4
5078,8
5079,8
5080,4
5081,0
5082,7
5083,6
5084,8
5085,4
5086,6
5087,7
5088,6
5089,7
5090,7
5091,0
5092,4
5093,4
5094,1
5095,4
5096,4
5097,7
5098,0
5099,8
5100,6
5101,5
5102,0
5103,8
5104,6
5105,8
5106,6
5107,6
5108,4
5109,1
5110,7
5111,4
5112,2
5113,7
5114,0
5115,7
5116,9
5117,1
5118,6
5119,4
5120,8
5121,3
5122,3
5123,7
5124,8
5125,8
5126,5
5127,7
5128,4
5129,7
5130,8
5131,4
5132,5
5133,7
5134,3
5135,8
5136,4
5137,4
5138,8
5139,7
5140,3
5141,5
5142,0
5143,8
5144,0
5145,8
5146,6
5147,6
5148,9
5149,1
5150,8
5151,1
5152,7
5153,6
5154,4
5155,7
5156,3
5157,7
5158,6
5159,6
5160,4
5161,7
5162,7
5163,6
5164,6
5165,6
5166,8
5167,0
5168,4
5169,5
5170,6
5171,5
5172,9
5173,1
5174,8
5175,6
5176,9
5177,4
5178,9
5179,9
5180,0
5181,8
5182,0
5183,6
5184,8
5185,5
5186,6
5187,7
5188,4
5189,8
5190,7
5191,3
5192,7
5193,1
5194,4
5195,4
5196,7
5197,4
5198,6
5199,3
5200,3
5201,8
5202,6
5203,0
5204,5
5205,4
5206,0
5207,6
5208,8
5209,4
5210,7
5211,8
5212,4
5213,4
5214,9
5215,9
5216,4
5217,8
5218,0
5219,7
5220,1
5221,4
5222,4
5223,3
5224,6
5225,8
5226,4
5227,8
5228,8
5229,4
5230,8
5231,6
5232,8
5233,9
5234,7
5235,4
5236,0
5237,8
5238,4
5239,6
5240,7
5241,6
5242,8
5243,8
5244,7
5245,7
5246,6
5247,4
5248,6
5249,4
5250,8
5251,4
5252,0
5253,0
5254,0
5255,3
5256,7
5257,1
5258,4
5259,6
5260,4
5261,3
5262,0
5263,7
5264,1
5265,4
5266,3
5267,8
5268,5
5269,8
5270,0
5271,7
5272,9
5273,8
5274,1
5275,6
5276,7
5277,8
5278,1
5279,8
5280,5
5281,8
5282,1
5283,1
5284,5
5285,8
5286,0
5287,0
5288,4
5289,8
5290,4
5291,8
5292,6
5293,8
5294,9
5295,4
5296,7
5297,6
5298,9
5299,4
5300,7
5301,1
5302,8
5303,6
5304,7
5305,4
5306,8
5307,6
5308,4
5309,7
5310,8
5311,7
5312,6
5313,8
5314,0
5315,3
5316,5
5317,4
5318,6
5319,4
5320,4
5321,4
5322,8
5323,5
5324,9
5325,4
5326,9
5327,4
5328,8
5329,8
5330,1
5331,8
5332,1
5333,3
5334,6
5335,3
5336,8
5337,3
5338,1
5339,9
5340,7
5341,5
5342,4
5343,9
5344,9
5345,4
5346,4
5347,1
5348,0
5349,4
5350,4
5351,0
5352,7
5353,8
5354,0
5355,6
5356,8
5357,8
5358,6
5359,1
5360,6
5361,7
5362,1
5363,8
5364,7
5365,8
5366,7
5367,0
5368,6
5369,8
5370,8
5371,8
5372,8
5373,0
5374,7
5375,7
5376,9
5377,8
5378,4
5379,4
5380,9
5381,8
5382,9
5383,7
5384,1
5385,7
5386,6
5387,0
5388,5
5389,8
5390,8
5391,4
5392,5
5393,4
5394,7
5395,6
5396,8
5397,8
5398,1
5399,4
5400,8
5401,4
5402,4
5403,8
5404,7
5405,8
5406,0
5407,8
5408,6
5409,4
5410,8
5411,9
5412,1
5413,6
5414,1
5415,6
5416,6
5417,4
5418,6
5419,4
5420,3
5421,8
5422,4
5423,0
5424,4
5425,8
5426,4
5427,9
5428,8
5429,0
5430,3
5431,6
5432,6
5433,8
5434,7
5435,6
5436,7
5437,9
5438,8
5439,6
5440,0
5441,7
5442,4
5443,8
5444,6
5445,4
5446,3
5447,5
5448,7
5449,7
5450,1
5451,7
5452,8
5453,8
5454,8
5455,8
5456,4
5457,0
5458,6
5459,0
5460,1
5461,0
5462,9
5463,9
5464,8
5465,3
5466,5
5467,1
5468,0
5469,8
5470,1
5471,3
5472,4
5473,4
5474,6
5475,9
5476,0
5477,3
5478,4
5479,0
5480,4
5481,4
5482,7
5483,5
5484,7
5485,4
5486,4
5487,6
5488,8
5489,8
5490,7
5491,7
5492,4
5493,7
5494,7
5495,4
5496,4
5497,8
5498,4
5499,0
5500,1
5501,4
5502,4
5503,8
5504,8
5505,7
5506,9
5507,1
5508,7
5509,1
5510,6
5511,6
5512,8
5513,6
5514,4
5515,6
5516,9
5517,6
5518,8
5519,3
5520,4
5521,8
5522,4
5523,8
5524,6
5525,6
5526,0
5527,1
5528,8
5529,7
5530,1
5531,6
5532,1
5533,8
5534,0
5535,1
5536,6
5537,6
5538,4
5539,6
5540,8
5541,4
5542,8
5543,6
5544,9
5545,5
5546,5
5547,1
5548,0
5549,6
5550,6
5551,7
5552,3
5553,8
5554,7
5555,8
5556,4
5557,1
5558,9
5559,5
5560,3
5561,7
5562,4
5563,8
5564,4
5565,4
5566,8
5567,4
5568,4
5569,6
5570,4
5571,9
5572,0
5573,9
5574,7
5575,1
5576,8
5577,1
5578,4
5579,0
5580,7
5581,0
5582,6
5583,8
5584,4
5585,7
5586,7
5587,4
5588,6
5589,4
5590,0
5591,0
5592,6
5593,7
5594,9
5595,4
5596,8
5597,3
5598,9
5599,7
5600,0
5601,7
5602,1
5603,8
5604,6
5605,7
5606,8
5607,8
5608,8
5609,8
5610,6
5611,1
5612,4
5613,6
5614,6
5615,1
5616,8
5617,4
5618,7
5619,0
5620,4
5621,8
5622,4
5623,3
5624,6
5625,1
5626,6
5627,9
5628,4
5629,8
5630,4
5631,8
5632,9
5633,0
5634,3
5635,9
5636,7
5637,6
5638,7
5639,0
5640,4
5641,9
5642,4
5643,4
5644,0
5645,5
5646,0
5647,8
5648,9
5649,4
5650,4
5651,4
5652,9
5653,8
5654,7
5655,9
5656,8
5657,5
5658,7
5659,4
5660,8
5661,5
5662,7
5663,8
5664,1
5665,9
5666,6
5667,2
5668,0
5669,8
5670,3
5671,5
5672,8
5673,6
5674,4
5675,0
5676,8
5677,6
5678,6
5679,5
5680,9
5681,1
5682,4
5683,6
5684,1
5685,4
5686,6
5687,4
5688,3
5689,6
5690,0
5691,4
5692,5
5693,7
5694,6
5695,5
5696,8
5697,4
5698,6
5699,1
5700,6
5701,5
5702,7
5703,8
5704,4
5705,1
5706,0
5707,1
5708,8
5709,0
5710,7
5711,9
5712,8
5713,7
5714,0
5715,6
5716,6
5717,4
5718,8
5719,0
5720,8
5721,6
5722,5
5723,0
5724,9
5725,6
5726,0
5727,4
5728,8
5729,7
5730,6
5731,0
5732,4
5733,4
5734,1
5735,8
5736,4
5737,4
5738,0
5739,8
5740,4
5741,4
5742,4
5743,8
5744,7
5745,4
5746,8
5747,4
5748,7
5749,5
5750,6
5751,7
5752,4
5753,1
5754,8
5755,7
5756,1
5757,8
5758,1
5759,5
5760,8
5761,6
5762,7
5763,8
5764,6
5765,1
5766,8
5767,4
5768,4
5769,7
5770,6
5771,8
5772,6
5773,3
5774,8
5775,6
5776,8
5777,5
5778,7
5779,7
5780,4
5781,9
5782,8
5783,4
5784,4
5785,8
5786,4
5787,8
5788,4
5789,8
5790,3
5791,1
5792,0
5793,8
5794,4
5795,8
5796,7
5797,0
5798,4
5799,6
5800,8
5801,8
5802,4
5803,4
5804,7
5805,0
5806,8
5807,5
5808,8
5809,8
5810,8
5811,8
5812,8
5813,7
5814,5
5815,4
5816,7
5817,5
5818,5
5819,8
5820,4
5821,3
5822,8
5823,5
5824,4
5825,5
5826,7
5827,6
5828,4
5829,3
5830,4
5831,8
5832,3
5833,6
5834,5
5835,7
5836,0
5837,3
5838,5
5839,3
5840,7
5841,8
5842,8
5843,8
5844,7
5845,7
5846,8
5847,5
5848,7
5849,6
5850,0
5851,1
5852,6
5853,8
5854,7
5855,4
5856,4
5857,8
5858,7
5859,7
5860,9
5861,8
5862,4
5863,3
5864,4
5865,8
5866,8
5867,7
5868,6
5869,5
5870,4
5871,6
5872,3
5873,1
5874,7
5875,7
5876,4
5877,7
5878,7
5879,4
5880,8
5881,4
5882,3
5883,7
5884,4
5885,0
5886,3
5887,4
5888,8
5889,0
5890,8
5891,8
5892,4
5893,6
5894,7
5895,8
5896,7
5897,7
5898,7
5899,8
5900,6
5901,6
5902,4
5903,0
5904,5
5905,8
5906,4
5907,6
5908,7
5909,2
5910,8
5911,5
5912,8
5913,6
5914,7
5915,4
5916,5
5917,0
5918,6
5919,4
5920,4
5921,6
5922,3
5923,0
5924,4
5925,1
5926,6
5927,4
5928,8
5929,4
5930,6
5931,7
5932,8
5933,8
5934,9
5935,7
5936,6
5937,8
5938,1
5939,4
5940,1
5941,0
5942,8
5943,4
5944,7
5945,7
5946,4
5947,1
5948,6
5949,8
5950,7
5951,5
5952,4
5953,4
5954,4
5955,5
5956,9
5957,7
5958,6
5959,9
5960,5
5961,0
5962,6
5963,2
5964,6
5965,3
5966,6
5967,1
5968,6
5969,7
5970,9
5971,3
5972,8
5973,8
5974,4
5975,4
5976,0
5977,0
5978,7
5979,8
5980,4
5981,8
5982,7
5983,6
5984,0
5985,5
5986,7
5987,8
5988,1
5989,8
5990,3
5991,5
5992,8
5993,8
5994,9
5995,8
5996,4
5997,8
5998,3
5999,3
6000,4
6001,8
6002,9
6003,7
6004,5
6005,6
6006,0
6007,8
6008,8
6009,4
6010,7
6011,8
6012,8
6013,3
6014,9
6015,4
6016,4
6017,1
6018,7
6019,7
6020,9
6021,3
6022,6
6023,8
6024,0
6025,8
6026,6
6027,5
6028,8
6029,8
6030,7
6031,9
6032,6
6033,6
6034,5
6035,7
6036,4
6037,8
6038,0
6039,8
6040,9
6041,3
6042,7
6043,7
6044,8
6045,6
6046,8
6047,4
6048,7
6049,9
6050,5
6051,7
6052,1
6053,8
6054,4
6055,7
6056,7
6057,7
6058,8
6059,0
6060,4
6061,0
6062,2
6063,7
6064,4
6065,6
6066,4
6067,8
6068,8
6069,8
6070,4
6071,8
6072,8
6073,7
6074,8
6075,8
6076,6
6077,9
6078,0
6079,7
6080,8
6081,0
6082,8
6083,7
6084,6
6085,5
6086,8
6087,8
6088,0
6089,8
6090,7
6091,4
6092,5
6093,7
6094,4
6095,4
6096,9
6097,7
6098,8
6099,9
6100,5
6101,4
6102,8
6103,9
6104,9
6105,8
6106,4
6107,8
6108,8
6109,9
6110,0
6111,4
6112,7
6113,5
6114,8
6115,1
6116,4
6117,0
6118,9
6119,7
6120,6
6121,8
6122,4
6123,4
6124,8
6125,7
6126,9
6127,4
6128,6
6129,6
6130,5
6131,1
6132,4
6133,8
6134,4
6135,8
6136,7
6137,1
6138,4
6139,4
6140,4
6141,5
6142,8
6143,7
6144,3
6145,7
6146,4
6147,6
6148,8
6149,7
6150,9
6151,4
6152,6
6153,4
6154,7
6155,8
6156,4
6157,7
6158,3
6159,8
6160,6
6161,7
6162,8
6163,7
6164,8
6165,5
6166,9
6167,4
6168,7
6169,8
6170,8
6171,7
6172,8
6173,7
6174,9
6175,8
6176,4
6177,8
6178,7
6179,9
6180,6
6181,0
6182,7
6183,7
6184,4
6185,7
6186,8
6187,1
6188,6
6189,8
6190,8
6191,6
6192,0
6193,4
6194,7
6195,7
6196,0
6197,7
6198,1
6199,8
6200,7
6201,5
6202,8
6203,6
6204,0
6205,1
6206,6
6207,7
6208,6
6209,6
6210,9
6211,1
6212,7
6213,4
6214,6
6215,6
6216,8
6217,0
6218,8
6219,9
6220,0
6221,4
6222,6
6223,6
6224,9
6225,4
6226,6
6227,4
6228,0
6229,1
6230,5
6231,7
6232,0
6233,0
6234,7
6235,0
6236,7
6237,0
6238,9
6239,4
6240,6
6241,5
6242,8
6243,8
6244,8
6245,0
6246,8
6247,4
6248,0
6249,4
6250,6
6251,4
6252,5
6253,8
6254,8
6255,6
6256,4
6257,9
6258,4
6259,7
6260,7
6261,7
6262,5
6263,8
6264,6
6265,8
6266,0
6267,8
6268,1
6269,7
6270,1
6271,3
6272,9
6273,5
6274,9
6275,6
6276,8
6277,1
6278,9
6279,1
6280,0
6281,5
6282,6
6283,7
6284,7
6285,5
6286,8
6287,6
6288,4
6289,8
6290,5
6291,1
6292,4
6293,5
6294,7
6295,5
6296,5
6297,7
6298,8
6299,9
6300,4
6301,2
6302,4
6303,8
6304,0
6305,7
6306,8
6307,4
6308,7
6309,4
6310,4
6311,0
6312,8
6313,9
6314,9
6315,4
6316,6
6317,8
6318,0
6319,7
6320,8
6321,9
6322,8
6323,8
6324,2
6325,8
6326,8
6327,7
6328,8
6329,4
6330,7
6331,9
6332,8
6333,1
6334,8
6335,8
6336,1
6337,8
6338,9
6339,0
6340,4
6341,8
6342,6
6343,3
6344,8
6345,9
6346,8
6347,4
6348,8
6349,8
6350,0
6351,7
6352,0
6353,7
6354,8
6355,7
6356,4
6357,4
6358,7
6359,5
6360,4
6361,6
6362,6
6363,7
6364,1
6365,5
6366,8
6367,6
6368,9
6369,9
6370,8
6371,8
6372,3
6373,7
6374,7
6375,3
6376,4
6377,5
6378,6
6379,7
6380,7
6381,8
6382,8
6383,4
6384,4
6385,8
6386,9
6387,7
6388,8
6389,8
6390,9
6391,4
6392,4
6393,0
6394,0
6395,4
6396,1
6397,6
6398,4
6399,6
6400,4
6401,4
6402,0
6403,8
6404,8
6405,7
6406,4
6407,7
6408,4
6409,7
6410,5
6411,7
6412,0
6413,6
6414,4
6415,4
6416,4
6417,7
6418,6
6419,4
6420,4
6421,6
6422,6
6423,8
6424,4
6425,4
6426,8
6427,7
6428,8
6429,4
6430,3
6431,6
6432,1
6433,4
6434,0
6435,1
6436,1
6437,3
6438,4
6439,0
6440,8
6441,1
6442,7
6443,8
6444,0
6445,6
6446,0
6447,8
6448,1
6449,7
6450,4
6451,8
6452,3
6453,8
6454,6
6455,7
6456,8
6457,8
6458,4
6459,5
6460,6
6461,4
6462,9
6463,9
6464,7
6465,7
6466,9
6467,9
6468,8
6469,0
6470,0
6471,1
6472,4
6473,8
6474,7
6475,6
6476,3
6477,0
6478,6
6479,7
6480,9
6481,6
6482,8
6483,5
6484,0
6485,4
6486,0
6487,0
6488,8
6489,8
6490,7
6491,4
6492,0
6493,4
6494,6
6495,8
6496,0
6497,0
6498,6
6499,6
6500,4
6501,4
6502,0
6503,4
6504,0
6505,6
6506,6
6507,9
6508,7
6509,7
6510,4
6511,8
6512,7
6513,6
6514,5
6515,4
6516,7
6517,8
6518,0
6519,5
6520,5
6521,7
6522,5
6523,4
6524,0
6525,4
6526,1
6527,4
6528,8
6529,8
6530,8
6531,5
6532,4
6533,9
6534,8
6535,7
6536,6
6537,1
6538,8
6539,5
6540,3
6541,7
6542,0
6543,7
6544,4
6545,4
6546,8
6547,5
6548,8
6549,8
6550,7
6551,6
6552,4
6553,4
6554,5
6555,0
6556,0
6557,8
6558,7
6559,4
6560,4
6561,8
6562,7
6563,8
6564,4
6565,1
6566,6
6567,6
6568,1
6569,9
6570,9
6571,8
6572,6
6573,0
6574,8
6575,8
6576,0
6577,6
6578,0
6579,6
6580,4
6581,4
6582,5
6583,8
6584,9
6585,4
6586,1
6587,4
6588,7
6589,6
6590,7
6591,8
6592,1
6593,5
6594,4
6595,9
6596,7
6597,8
6598,8
6599,5
6600,4
6601,0
6602,0
6603,7
6604,3
6605,7
6606,0
6607,6
6608,8
6609,0
6610,9
6611,6
6612,4
6613,4
6614,5
6615,5
6616,1
6617,7
6618,3
6619,8
6620,4
6621,1
6622,8
6623,7
6624,8
6625,2
6626,6
6627,8
6628,6
6629,4
6630,6
6631,7
6632,8
6633,8
6634,6
6635,0
6636,0
6637,1
6638,8
6639,4
6640,4
6641,7
6642,6
6643,5
6644,7
6645,8
6646,9
6647,4
6648,3
6649,9
6650,8
6651,9
6652,6
6653,4
6654,4
6655,7
6656,6
6657,6
6658,0
6659,4
6660,4
6661,9
6662,7
6663,4
6664,9
6665,9
6666,4
6667,4
6668,1
6669,6
6670,6
6671,4
6672,4
6673,9
6674,4
6675,0
6676,7
6677,6
6678,6
6679,9
6680,8
6681,1
6682,6
6683,1
6684,7
6685,9
6686,3
6687,7
6688,3
6689,4
6690,8
6691,5
6692,6
6693,4
6694,6
6695,6
6696,9
6697,7
6698,6
6699,6
6700,7
6701,4
6702,7
6703,8
6704,8
6705,6
6706,8
6707,5
6708,7
6709,4
6710,7
6711,6
6712,9
6713,6
6714,6
6715,9
6716,0
6717,8
6718,8
6719,4
6720,1
6721,8
6722,8
6723,8
6724,8
6725,6
6726,3
6727,0
6728,8
6729,0
6730,6
6731,4
6732,5
6733,4
6734,0
6735,4
6736,4
6737,7
6738,9
6739,5
6740,8
6741,6
6742,8
6743,4
6744,8
6745,8
6746,4
6747,1
6748,1
6749,4
6750,6
6751,0
6752,6
6753,0
6754,6
6755,4
6756,4
6757,9
6758,7
6759,7
6760,4
6761,9
6762,1
6763,6
6764,9
6765,0
6766,7
6767,7
6768,1
6769,3
6770,4
6771,9
6772,8
6773,8
6774,7
6775,4
6776,6
6777,6
6778,7
6779,5
6780,0
6781,4
6782,7
6783,0
6784,8
6785,7
6786,5
6787,7
6788,4
6789,7
6790,9
6791,0
6792,8
6793,4
6794,1
6795,9
6796,4
6797,7
6798,1
6799,4
6800,6
6801,6
6802,4
6803,1
6804,7
6805,0
6806,4
6807,6
6808,8
6809,0
6810,1
6811,3
6812,6
6813,3
6814,3
6815,8
6816,5
6817,5
6818,8
6819,8
6820,3
6821,8
6822,3
6823,6
6824,8
6825,4
6826,8
6827,4
6828,6
6829,6
6830,0
6831,4
6832,6
6833,5
6834,9
6835,9
6836,7
6837,4
6838,8
6839,6
6840,7
6841,7
6842,7
6843,4
6844,8
6845,9
6846,8
6847,5
6848,7
6849,8
6850,4
6851,3
6852,6
6853,9
6854,6
6855,4
6856,0
6857,5
6858,4
6859,8
6860,7
6861,6
6862,4
6863,4
6864,6
6865,0
6866,4
6867,6
6868,5
6869,3
6870,1
6871,6
6872,6
6873,0
6874,8
6875,8
6876,5
6877,8
6878,9
6879,1
6880,4
6881,9
6882,0
6883,8
6884,4
6885,8
6886,0
6887,7
6888,1
6889,8
6890,5
6891,4
6892,0
6893,4
6894,8
6895,5
6896,7
6897,8
6898,7
6899,8
6900,5
6901,7
6902,6
6903,8
6904,1
6905,4
6906,8
6907,8
6908,4
6909,6
6910,5
6911,4
6912,1
6913,1
6914,6
6915,9
6916,8
6917,6
6918,7
6919,8
6920,8
6921,8
6922,8
6923,4
6924,6
6925,8
6926,5
6927,3
6928,7
6929,6
6930,7
6931,8
6932,1
6933,4
6934,9
6935,1
6936,8
6937,7
6938,0
6939,8
6940,7
6941,4
6942,7
6943,8
6944,8
6945,8
6946,8
6947,8
6948,5
6949,4
6950,6
6951,8
6952,3
6953,4
6954,6
6955,6
6956,4
6957,0
6958,4
6959,7
6960,9
6961,8
6962,0
6963,8
6964,0
6965,8
6966,4
6967,4
6968,7
6969,4
6970,7
6971,7
6972,4
6973,8
6974,7
6975,4
6976,6
6977,8
6978,6
6979,9
6980,9
6981,9
6982,7
6983,8
6984,0
6985,0
6986,8
6987,7
6988,8
6989,7
6990,0
6991,8
6992,3
6993,9
6994,6
6995,4
6996,4
6997,8
6998,4
6999,4
7000,4
7001,6
7002,4
7003,7
7004,4
7005,6
7006,4
7007,6
7008,7
7009,4
7010,7
7011,1
7012,8
7013,8
7014,6
7015,0
7016,6
7017,6
7018,8
7019,6
7020,5
7021,8
7022,1
7023,4
7024,8
7025,0
7026,3
7027,6
7028,6
7029,8
7030,4
7031,8
7032,1
7033,7
7034,6
7035,4
7036,4
7037,4
7038,4
7039,9
7040,7
7041,1
7042,8
7043,8
7044,5
7045,6
7046,4
7047,1
7048,9
7049,6
7050,9
7051,3
7052,1
7053,8
7054,9
7055,8
7056,6
7057,8
7058,3
7059,8
7060,4
7061,6
7062,7
7063,0
7064,8
7065,0
7066,5
7067,8
7068,0
7069,4
7070,4
7071,4
7072,1
7073,6
7074,9
7075,6
7076,3
7077,3
7078,1
7079,6
7080,1
7081,6
7082,8
7083,5
7084,9
7085,8
7086,7
7087,5
7088,8
7089,4
7090,7
7091,4
7092,6
7093,4
7094,5
7095,3
7096,7
7097,0
7098,1
7099,0
7100,4
7101,6
7102,6
7103,4
7104,7
7105,8
7106,7
7107,4
7108,8
7109,8
7110,8
7111,4
7112,1
7113,4
7114,8
7115,0
7116,0
7117,8
7118,8
7119,0
7120,9
7121,6
7122,5
7123,9
7124,4
7125,0
7126,4
7127,3
7128,4
7129,8
7130,1
7131,6
7132,8
7133,7
7134,8
7135,4
7136,4
7137,8
7138,4
7139,4
7140,8
7141,4
7142,9
7143,0
7144,7
7145,4
7146,7
7147,5
7148,4
7149,8
7150,8
7151,8
7152,1
7153,4
7154,8
7155,6
7156,7
7157,5
7158,8
7159,4
7160,5
7161,4
7162,0
7163,7
7164,8
7165,6
7166,9
7167,6
7168,1
7169,7
7170,8
7171,6
7172,0
7173,0
7174,4
7175,8
7176,8
7177,6
7178,8
7179,4
7180,4
7181,6
7182,4
7183,6
7184,5
7185,7
7186,7
7187,0
7188,4
7189,3
7190,9
7191,7
7192,4
7193,9
7194,9
7195,4
7196,8
7197,5
7198,8
7199,7
7200,7
7201,1
7202,7
7203,0
7204,5
7205,4
7206,8
7207,7
7208,6
7209,1
7210,6
7211,6
7212,8
7213,8
7214,8
7215,0
7216,6
7217,8
7218,4
7219,8
7220,7
7221,6
7222,6
7223,8
7224,5
7225,4
7226,8
7227,6
7228,5
7229,1
7230,0
7231,6
7232,6
7233,6
7234,0
7235,1
7236,0
7237,8
7238,6
7239,0
7240,1
7241,8
7242,8
7243,7
7244,8
7245,8
7246,6
7247,8
7248,7
7249,1
7250,4
7251,8
7252,3
7253,7
7254,7
7255,8
7256,7
7257,9
7258,4
7259,9
7260,8
7261,8
7262,4
7263,4
7264,7
7265,9
7266,4
7267,8
7268,1
7269,4
7270,4
7271,7
7272,6
7273,9
7274,4
7275,4
7276,0
7277,3
7278,0
7279,8
7280,7
7281,8
7282,8
7283,1
7284,4
7285,5
7286,0
7287,8
7288,8
7289,4
7290,6
7291,1
7292,3
7293,9
7294,8
7295,6
7296,7
7297,6
7298,0
7299,4
7300,4
7301,5
7302,4
7303,8
7304,9
7305,6
7306,0
7307,0
7308,4
7309,8
7310,0
7311,3
7312,6
7313,8
7314,4
7315,6
7316,4
7317,9
7318,6
7319,8
7320,6
7321,7
7322,8
7323,4
7324,0
7325,7
7326,5
7327,4
7328,9
7329,6
7330,5
7331,8
7332,5
7333,4
7334,7
7335,7
7336,4
7337,6
7338,0
7339,8
7340,8
7341,4
7342,6
7343,4
7344,8
7345,8
7346,0
7347,4
7348,6
7349,5
7350,8
7351,0
7352,5
7353,6
7354,3
7355,8
7356,6
7357,9
7358,5
7359,4
7360,8
7361,1
7362,5
7363,8
7364,4
7365,0
7366,1
7367,7
7368,6
7369,7
7370,6
7371,5
7372,0
7373,4
7374,5
7375,6
7376,6
7377,0
7378,6
7379,0
7380,6
7381,6
7382,7
7383,6
7384,4
7385,4
7386,7
7387,7
7388,5
7389,4
7390,8
7391,5
7392,4
7393,7
7394,8
7395,8
7396,0
7397,9
7398,8
7399,5
7400,7
7401,7
7402,1
7403,7
7404,7
7405,7
7406,3
7407,7
7408,8
7409,4
7410,4
7411,8
7412,8
7413,7
7414,0
7415,4
7416,8
7417,7
7418,6
7419,7
7420,8
7421,8
7422,4
7423,8
7424,9
7425,4
7426,4
7427,4
7428,6
7429,3
7430,0
7431,6
7432,8
7433,0
7434,4
7435,4
7436,4
7437,4
7438,4
7439,8
7440,8
7441,4
7442,6
7443,6
7444,7
7445,6
7446,8
7447,9
7448,6
7449,3
7450,1
7451,4
7452,4
7453,7
7454,8
7455,9
7456,5
7457,4
7458,0
7459,3
7460,8
7461,0
7462,8
7463,4
7464,6
7465,0
7466,8
7467,5
7468,1
7469,6
7470,6
7471,6
7472,5
7473,4
7474,4
7475,4
7476,3
7477,6
7478,6
7479,4
7480,6
7481,4
7482,6
7483,3
7484,6
7485,7
7486,7
7487,8
7488,6
7489,4
7490,1
7491,6
7492,8
7493,4
7494,7
7495,4
7496,4
7497,4
7498,5
7499,0
7500,4
7501,4
7502,4
7503,5
7504,6
7505,8
7506,8
7507,3
7508,9
7509,6
7510,8
7511,3
7512,8
7513,6
7514,4
7515,4
7516,6
7517,0
7518,1
7519,8
7520,7
7521,4
7522,8
7523,4
7524,3
7525,9
7526,4
7527,7
7528,5
7529,8
7530,9
7531,4
7532,6
7533,7
7534,5
7535,8
7536,8
7537,7
7538,1
7539,6
7540,4
7541,7
7542,4
7543,9
7544,4
7545,4
7546,8
7547,1
7548,6
7549,4
7550,7
7551,4
7552,6
7553,0
7554,9
7555,0
7556,4
7557,0
7558,8
7559,4
7560,7
7561,8
7562,8
7563,9
7564,4
7565,7
7566,8
7567,0
7568,5
7569,4
7570,8
7571,5
7572,8
7573,6
7574,7
7575,9
7576,5
7577,8
7578,6
7579,9
7580,1
7581,6
7582,9
7583,9
7584,1
7585,5
7586,0
7587,8
7588,7
7589,1
7590,6
7591,1
7592,4
7593,0
7594,6
7595,1
7596,8
7597,4
7598,1
7599,0
7600,7
7601,4
7602,5
7603,7
7604,7
7605,4
7606,7
7607,4
7608,7
7609,0
7610,8
7611,8
7612,4
7613,8
7614,9
7615,8
7616,6
7617,8
7618,5
7619,0
7620,4
7621,7
7622,4
7623,6
7624,0
7625,4
7626,4
7627,4
7628,1
7629,7
7630,7
7631,7
7632,8
7633,8
7634,0
7635,7
7636,0
7637,8
7638,1
7639,8
7640,6
7641,3
7642,4
7643,6
7644,6
7645,8
7646,0
7647,1
7648,4
7649,9
7650,7
7651,4
7652,1
7653,9
7654,0
7655,6
7656,5
7657,9
7658,7
7659,5
7660,4
7661,4
7662,8
7663,9
7664,7
7665,9
7666,5
7667,6
7668,1
7669,4
7670,4
7671,9
7672,7
7673,4
7674,0
7675,4
7676,6
7677,6
7678,4
7679,7
7680,4
7681,3
7682,6
7683,4
7684,4
7685,8
7686,0
7687,0
7688,7
7689,8
7690,4
7691,9
7692,4
7693,4
7694,4
7695,8
7696,8
7697,8
7698,4
7699,8
7700,1
7701,8
7702,8
7703,4
7704,8
7705,6
7706,8
7707,8
7708,8
7709,9
7710,7
7711,7
7712,9
7713,4
7714,1
7715,8
7716,1
7717,1
7718,4
7719,4
7720,1
7721,8
7722,0
7723,5
7724,4
7725,4
7726,6
7727,0
7728,4
7729,4
7730,4
7731,6
7732,4
7733,9
7734,6
7735,8
7736,4
7737,1
7738,0
7739,9
7740,1
7741,4
7742,8
7743,4
7744,7
7745,0
7746,0
7747,4
7748,4
7749,1
7750,8
7751,1
7752,1
7753,4
7754,8
7755,6
7756,4
7757,0
7758,0
7759,4
7760,4
7761,6
7762,4
7763,8
7764,1
7765,4
7766,0
7767,4
7768,8
7769,4
7770,7
7771,8
7772,6
7773,6
7774,4
7775,7
7776,6
7777,8
7778,4
7779,4
7780,8
7781,9
7782,3
7783,8
7784,6
7785,7
7786,6
7787,6
7788,4
7789,0
7790,4
7791,8
7792,7
7793,8
7794,3
7795,6
7796,4
7797,3
7798,6
7799,9
7800,5
7801,7
7802,6
7803,6
7804,8
7805,9
7806,8
7807,8
7808,4
7809,0
7810,1
7811,4
7812,7
7813,4
7814,8
7815,5
7816,8
7817,1
7818,4
7819,5
7820,6
7821,8
7822,9
7823,6
7824,8
7825,4
7826,4
7827,1
7828,8
7829,6
7830,0
7831,8
7832,1
7833,8
7834,1
7835,7
7836,4
7837,0
7838,8
7839,6
7840,4
7841,9
7842,4
7843,7
7844,4
7845,4
7846,7
7847,4
7848,8
7849,7
7850,7
7851,9
7852,7
7853,7
7854,8
7855,8
7856,8
7857,8
7858,9
7859,1
7860,6
7861,6
7862,7
7863,1
7864,8
7865,9
7866,8
7867,4
7868,1
7869,7
7870,4
7871,8
7872,4
7873,5
7874,1
7875,8
7876,8
7877,4
7878,6
7879,6
7880,4
7881,3
7882,1
7883,8
7884,8
7885,7
7886,4
7887,3
7888,6
7889,4
7890,5
7891,4
7892,8
7893,4
7894,7
7895,6
7896,6
7897,7
7898,8
7899,4
7900,0
7901,8
7902,8
7903,7
7904,8
7905,4
7906,6
7907,9
7908,4
7909,9
7910,7
7911,8
7912,8
7913,9
7914,0
7915,4
7916,6
7917,8
7918,3
7919,5
7920,9
7921,8
7922,0
7923,9
7924,7
7925,0
7926,6
7927,6
7928,8
7929,1
7930,6
7931,4
7932,8
7933,0
7934,4
7935,8
7936,4
7937,7
7938,5
7939,4
7940,4
7941,9
7942,6
7943,4
7944,4
7945,4
7946,4
7947,9
7948,0
7949,4
7950,6
7951,9
7952,5
7953,1
7954,0
7955,3
7956,7
7957,4
7958,0
7959,7
7960,6
7961,8
7962,6
7963,4
7964,4
7965,9
7966,8
7967,8
7968,0
7969,7
7970,8
7971,8
7972,4
7973,0
7974,8
7975,4
7976,8
7977,5
7978,0
7979,8
7980,7
7981,5
7982,1
7983,4
7984,8
7985,6
7986,7
7987,6
7988,6
7989,0
7990,6
7991,8
7992,7
7993,1
7994,4
7995,8
7996,9
7997,1
7998,8
7999,4
8000,8
8001,4
8002,0
8003,6
8004,6
8005,4
8006,8
8007,4
8008,7
8009,6
8010,4
8011,4
8012,3
8013,8
8014,6
8015,4
8016,9
8017,7
8018,7
8019,4
8020,0
8021,6
8022,6
8023,8
8024,4
8025,5
8026,4
8027,1
8028,6
8029,4
8030,8
8031,8
8032,6
8033,4
8034,2
8035,7
8036,9
8037,7
8038,1
8039,0
8040,9
8041,7
8042,8
8043,8
8044,3
8045,9
8046,6
8047,4
8048,8
8049,3
8050,4
8051,8
8052,7
8053,1
8054,1
8055,4
8056,7
8057,7
8058,7
8059,6
8060,8
8061,7
8062,8
8063,3
8064,8
8065,4
8066,8
8067,7
8068,4
8069,9
8070,7
8071,4
8072,8
8073,6
8074,4
8075,8
8076,6
8077,7
8078,4
8079,4
8080,3
8081,4
8082,5
8083,8
8084,4
8085,0
8086,0
8087,8
8088,1
8089,8
8090,5
8091,7
8092,9
8093,4
8094,8
8095,4
8096,0
8097,8
8098,1
8099,4
8100,4
8101,6
8102,3
8103,8
8104,8
8105,8
8106,0
8107,1
8108,6
8109,7
8110,9
8111,4
8112,5
8113,5
8114,4
8115,4
8116,6
8117,3
8118,6
8119,2
8120,8
8121,4
8122,6
8123,7
8124,7
8125,6
8126,7
8127,4
8128,4
8129,0
8130,0
8131,4
8132,7
8133,8
8134,8
8135,9
8136,8
8137,3
8138,6
8139,6
8140,7
8141,6
8142,6
8143,0
8144,3
8145,4
8146,7
8147,8
8148,6
8149,5
8150,5
8151,8
8152,6
8153,4
8154,0
8155,5
8156,4
8157,4
8158,1
8159,6
8160,6
8161,1
8162,8
8163,8
8164,5
8165,6
8166,0
8167,8
8168,4
8169,7
8170,7
8171,4
8172,0
8173,4
8174,0
8175,7
8176,0
8177,0
8178,9
8179,3
8180,8
8181,1
8182,8
8183,8
8184,6
8185,1
8186,7
8187,8
8188,7
8189,6
8190,6
8191,1
8192,0
8193,8
8194,4
8195,0
8196,4
8197,8
8198,5
8199,9
8200,6
8201,3
8202,1
8203,8
8204,4
8205,5
8206,8
8207,4
8208,1
8209,4
8210,9
8211,3
8212,4
8213,4
8214,0
8215,8
8216,0
8217,8
8218,1
8219,0
8220,6
8221,8
8222,4
8223,4
8224,5
8225,8
8226,4
8227,3
8228,1
8229,9
8230,8
8231,4
8232,7
8233,5
8234,3
8235,9
8236,8
8237,4
8238,4
8239,7
8240,4
8241,4
8242,8
8243,1
8244,8
8245,1
8246,0
8247,4
8248,6
8249,9
8250,4
8251,6
8252,6
8253,0
8254,1
8255,7
8256,3
8257,0
8258,8
8259,4
8260,0
8261,4
8262,7
8263,4
8264,8
8265,7
8266,8
8267,7
8268,8
8269,3
8270,1
8271,4
8272,4
8273,6
8274,1
8275,6
8276,8
8277,8
8278,0
8279,5
8280,0
8281,4
8282,7
8283,3
8284,9
8285,4
8286,7
8287,7
8288,8
8289,5
8290,4
8291,3
8292,4
8293,4
8294,8
8295,4
8296,6
8297,9
8298,9
8299,1
8300,8
8301,1
8302,8
8303,0
8304,3
8305,7
8306,6
8307,4
8308,0
8309,9
8310,8
8311,6
8312,8
8313,8
8314,5
8315,3
8316,5
8317,7
8318,4
8319,7
8320,6
8321,4
8322,7
8323,4
8324,7
8325,0
8326,5
8327,8
8328,8
8329,4
8330,0
8331,4
8332,4
8333,5
8334,4
8335,6
8336,8
8337,6
8338,6
8339,6
8340,8
8341,8
8342,3
8343,8
8344,4
8345,4
8346,9
8347,8
8348,1
8349,5
8350,3
8351,8
8352,0
8353,0
8354,8
8355,0
8356,5
8357,8
8358,5
8359,6
8360,4
8361,4
8362,7
8363,6
8364,6
8365,7
8366,4
8367,4
8368,7
8369,5
8370,1
8371,8
8372,7
8373,8
8374,8
8375,7
8376,4
8377,8
8378,9
8379,8
8380,4
8381,1
8382,7
8383,6
8384,8
8385,9
8386,6
8387,5
8388,6
8389,9
8390,6
8391,8
8392,8
8393,7
8394,8
8395,5
8396,6
8397,4
8398,1
8399,8
8400,4
8401,5
8402,8
8403,0
8404,4
8405,5
8406,8
8407,0
8408,4
8409,8
8410,4
8411,7
8412,9
8413,4
8414,1
8415,4
8416,4
8417,4
8418,1
8419,8
8420,1
8421,4
8422,4
8423,4
8424,0
8425,8
8426,1
8427,8
8428,0
8429,6
8430,8
8431,4
8432,4
8433,7
8434,7
8435,0
8436,6
8437,9
8438,6
8439,0
8440,4
8441,0
8442,6
8443,6
8444,8
8445,0
8446,9
8447,7
8448,9
8449,4
8450,9
8451,9
8452,7
8453,8
8454,8
8455,3
8456,1
8457,3
8458,4
8459,9
8460,6
8461,9
8462,4
8463,8
8464,8
8465,4
8466,7
8467,4
8468,8
8469,8
8470,8
8471,3
8472,0
8473,8
8474,8
8475,4
8476,7
8477,7
8478,4
8479,4
8480,9
8481,8
8482,0
8483,5
8484,6
8485,4
8486,6
8487,8
8488,8
8489,6
8490,8
8491,8
8492,7
8493,8
8494,8
8495,0
8496,9
8497,8
8498,7
8499,9
8500,7
8501,8
8502,7
8503,4
8504,4
8505,4
8506,7
8507,8
8508,7
8509,0
8510,5
8511,4
8512,4
8513,9
8514,7
8515,8
8516,4
8517,8
8518,8
8519,8
8520,8
8521,0
8522,4
8523,6
8524,9
8525,3
8526,4
8527,5
8528,1
8529,0
8530,4
8531,4
8532,8
8533,9
8534,9
8535,7
8536,8
8537,8
8538,4
8539,0
8540,3
8541,7
8542,8
8543,5
8544,8
8545,8
8546,6
8547,8
8548,4
8549,8
8550,7
8551,1
8552,4
8553,6
8554,1
8555,6
8556,6
8557,4
8558,4
8559,8
8560,6
8561,6
8562,7
8563,6
8564,7
8565,4
8566,7
8567,4
8568,4
8569,0
8570,8
8571,8
8572,7
8573,4
8574,6
8575,4
8576,8
8577,4
8578,8
8579,6
8580,8
8581,7
8582,1
8583,8
8584,8
8585,4
8586,8
8587,0
8588,4
8589,8
8590,4
8591,0
8592,1
8593,4
8594,8
8595,0
8596,4
8597,0
8598,0
8599,9
8600,6
8601,8
8602,4
8603,8
8604,8
8605,4
8606,7
8607,3
8608,9
8609,7
8610,8
8611,8
8612,5
8613,3
8614,8
8615,4
8616,3
8617,7
8618,8
8619,6
8620,7
8621,8
8622,1
8623,9
8624,4
8625,8
8626,0
8627,4
8628,8
8629,8
8630,8
8631,8
8632,7
8633,6
8634,7
8635,8
8636,1
8637,7
8638,0
8639,7
8640,6
8641,4
8642,4
8643,5
8644,4
8645,1
8646,4
8647,6
8648,5
8649,8
8650,8
8651,9
8652,8
8653,6
8654,6
8655,4
8656,3
8657,7
8658,3
8659,6
8660,4
8661,4
8662,4
8663,0
8664,1
8665,6
8666,6
8667,4
8668,1
8669,4
8670,8
8671,1
8672,4
8673,7
8674,9
8675,8
8676,0
8677,8
8678,4
8679,7
8680,1
8681,4
8682,8
8683,9
8684,8
8685,1
8686,4
8687,6
8688,8
8689,6
8690,8
8691,6
8692,7
8693,9
8694,1
8695,0
8696,6
8697,0
8698,6
8699,1
8700,8
8701,8
8702,8
8703,7
8704,0
8705,6
8706,0
8707,6
8708,0
8709,0
8710,6
8711,4
8712,0
8713,5
8714,7
8715,4
8716,7
8717,6
8718,0
8719,8
8720,6
8721,7
8722,4
8723,9
8724,4
8725,7
8726,4
8727,5
8728,3
8729,9
8730,7
8731,6
8732,3
8733,7
8734,8
8735,9
8736,6
8737,4
8738,8
8739,5
8740,9
8741,6
8742,1
8743,3
8744,8
8745,5
8746,4
8747,9
8748,0
8749,4
8750,7
8751,6
8752,9
8753,8
8754,6
8755,7
8756,6
8757,3
8758,8
8759,7
8760,6
8761,1
8762,9
8763,3
8764,9
8765,6
8766,4
8767,2
8768,4
8769,4
8770,0
8771,9
8772,4
8773,1
8774,7
8775,0
8776,9
8777,5
8778,3
8779,6
8780,8
8781,0
8782,6
8783,5
8784,5
8785,4
8786,9
8787,7
8788,4
8789,8
8790,4
8791,0
8792,8
8793,8
8794,6
8795,7
8796,8
8797,1
8798,9
8799,4
8800,4
8801,3
8802,9
8803,8
8804,8
8805,6
8806,4
8807,0
8808,0
8809,7
8810,0
8811,4
8812,8
8813,6
8814,8
8815,4
8816,6
8817,7
8818,8
8819,5
8820,8
8821,7
8822,8
8823,7
8824,5
8825,0
8826,6
8827,6
8828,8
8829,4
8830,0
8831,6
8832,0
8833,6
8834,7
8835,7
8836,4
8837,4
8838,7
8839,6
8840,9
8841,4
8842,6
8843,6
8844,5
8845,7
8846,4
8847,8
8848,1
8849,1
8850,8
8851,5
8852,8
8853,8
8854,1
8855,1
8856,5
8857,5
8858,8
8859,4
8860,7
8861,1
8862,8
8863,3
8864,0
8865,9
8866,3
8867,4
8868,1
8869,5
8870,8
8871,4
8872,7
8873,8
8874,1
8875,8
8876,8
8877,0
8878,8
8879,7
8880,7
8881,9
8882,8
8883,7
8884,0
8885,8
8886,3
8887,7
8888,6
8889,8
8890,9
8891,7
8892,0
8893,4
8894,7
8895,8
8896,5
8897,7
8898,8
8899,4
8900,8
8901,4
8902,5
8903,0
8904,8
8905,7
8906,8
8907,8
8908,7
8909,6
8910,4
8911,4
8912,3
8913,6
8914,7
8915,5
8916,0
8917,0
8918,1
8919,9
8920,4
8921,0
8922,6
8923,4
8924,8
8925,9
8926,8
8927,0
8928,8
8929,7
8930,8
8931,7
8932,7
8933,6
8934,6
8935,9
8936,8
8937,4
8938,6
8939,6
8940,0
8941,7
8942,7
8943,0
8944,4
8945,9
8946,3
8947,4
8948,7
8949,7
8950,0
8951,7
8952,4
8953,1
8954,6
8955,9
8956,8
8957,7
8958,4
8959,6
8960,7
8961,4
8962,0
8963,0
8964,8
8965,7
8966,8
8967,0
8968,6
8969,7
8970,7
8971,6
8972,6
8973,0
8974,6
8975,8
8976,6
8977,7
8978,4
8979,0
8980,6
8981,8
8982,5
8983,9
8984,7
8985,8
8986,7
8987,8
8988,8
8989,8
8990,7
8991,7
8992,8
8993,4
8994,8
8995,4
8996,1
8997,1
8998,6
8999,4
9000,7
9001,3
9002,8
9003,8
9004,5
9005,8
9006,9
9007,7
9008,7
9009,6
9010,6
9011,9
9012,8
9013,4
9014,0
9015,4
9016,6
9017,7
9018,9
9019,4
9020,6
9021,4
9022,7
9023,8
9024,4
9025,6
9026,6
9027,4
9028,4
9029,8
9030,0
9031,8
9032,8
9033,0
9034,8
9035,8
9036,7
9037,7
9038,1
9039,9
9040,0
9041,8
9042,8
9043,8
9044,0
9045,7
9046,8
9047,6
9048,0
9049,8
9050,4
9051,4
9052,0
9053,6
9054,6
9055,7
9056,8
9057,5
9058,8
9059,6
9060,4
9061,4
9062,5
9063,8
9064,4
9065,7
9066,9
9067,8
9068,6
9069,0
9070,7
9071,8
9072,1
9073,8
9074,5
9075,4
9076,8
9077,6
9078,8
9079,4
9080,7
9081,8
9082,1
9083,7
9084,8
9085,8
9086,9
9087,8
9088,8
9089,4
9090,8
9091,4
9092,9
9093,7
9094,1
9095,6
9096,8
9097,7
9098,4
9099,7
9100,8
9101,6
9102,5
9103,8
9104,8
9105,4
9106,3
9107,8
9108,4
9109,9
9110,8
9111,6
9112,5
9113,7
9114,3
9115,4
9116,8
9117,0
9118,7
9119,1
9120,0
9121,0
9122,0
9123,8
9124,6
9125,4
9126,1
9127,7
9128,7
9129,6
9130,8
9131,0
9132,4
9133,4
9134,8
9135,5
9136,8
9137,8
9138,8
9139,8
9140,8
9141,3
9142,4
9143,3
9144,0
9145,6
9146,5
9147,0
9148,5
9149,8
9150,7
9151,3
9152,4
9153,4
9154,7
9155,0
9156,6
9157,6
9158,6
9159,7
9160,8
9161,0
9162,0
9163,9
9164,7
9165,8
9166,7
9167,0
9168,7
9169,7
9170,1
9171,8
9172,9
9173,8
9174,8
9175,0
9176,6
9177,9
9178,8
9179,6
9180,3
9181,8
9182,8
9183,8
9184,6
9185,8
9186,8
9187,8
9188,0
9189,4
9190,8
9191,6
9192,8
9193,6
9194,7
9195,8
9196,8
9197,4
9198,0
9199,4
9200,8
9201,8
9202,6
9203,7
9204,0
9205,9
9206,4
9207,4
9208,1
9209,8
9210,9
9211,6
9212,8
9213,4
9214,9
9215,7
9216,8
9217,1
9218,4
9219,5
9220,9
9221,1
9222,1
9223,5
9224,6
9225,8
9226,9
9227,6
9228,7
9229,4
9230,9
9231,8
9232,0
9233,4
9234,8
9235,7
9236,6
9237,1
9238,8
9239,7
9240,7
9241,0
9242,6
9243,4
9244,7
9245,5
9246,8
9247,6
9248,4
9249,6
9250,8
9251,7
9252,6
9253,9
9254,0
9255,4
9256,9
9257,4
9258,7
9259,4
9260,6
9261,8
9262,4
9263,6
9264,6
9265,0
9266,0
9267,3
9268,7
9269,9
9270,1
9271,5
9272,4
9273,9
9274,9
9275,4
9276,4
9277,9
9278,8
9279,0
9280,5
9281,4
9282,8
9283,8
9284,7
9285,1
9286,7
9287,1
9288,4
9289,6
9290,0
9291,8
9292,0
9293,4
9294,0
9295,3
9296,7
9297,8
9298,7
9299,7
9300,4
9301,7
9302,6
9303,6
9304,7
9305,7
9306,9
9307,8
9308,4
9309,6
9310,5
9311,3
9312,5
9313,4
9314,7
9315,8
9316,6
9317,1
9318,0
9319,0
9320,8
9321,4
9322,8
9323,0
9324,9
9325,0
9326,4
9327,8
9328,7
9329,1
9330,6
9331,8
9332,7
9333,5
9334,7
9335,8
9336,4
9337,1
9338,6
9339,9
9340,8
9341,7
9342,9
9343,4
9344,8
9345,4
9346,8
9347,4
9348,3
9349,0
9350,0
9351,3
9352,8
9353,3
9354,8
9355,1
9356,0
9357,4
9358,6
9359,9
9360,8
9361,4
9362,1
9363,1
9364,3
9365,1
9366,6
9367,8
9368,5
9369,4
9370,8
9371,3
9372,7
9373,4
9374,8
9375,8
9376,1
9377,4
9378,1
9379,8
9380,8
9381,4
9382,7
9383,6
9384,5
9385,6
9386,0
9387,4
9388,6
9389,6
9390,8
9391,0
9392,1
9393,4
9394,5
9395,4
9396,1
9397,3
9398,4
9399,4
9400,4
9401,1
9402,4
9403,6
9404,7
9405,8
9406,4
9407,4
9408,6
9409,5
9410,0
9411,5
9412,4
9413,7
9414,4
9415,6
9416,0
9417,1
9418,0
9419,0
9420,6
9421,8
9422,5
9423,8
9424,7
9425,8
9426,5
9427,5
9428,6
9429,8
9430,4
9431,6
9432,7
9433,8
9434,3
9435,4
9436,7
9437,4
9438,6
9439,4
9440,3
9441,9
9442,7
9443,4
9444,0
9445,0
9446,6
9447,7
9448,5
9449,1
9450,4
9451,1
9452,6
9453,6
9454,3
9455,0
9456,6
9457,8
9458,1
9459,7
9460,0
9461,8
9462,0
9463,3
9464,7
9465,1
9466,1
9467,0
9468,6
9469,9
9470,4
9471,4
9472,8
9473,6
9474,4
9475,4
9476,8
9477,7
9478,9
9479,4
9480,8
9481,5
9482,5
9483,6
9484,8
9485,8
9486,6
9487,3
9488,1
9489,1
9490,7
9491,7
9492,1
9493,8
9494,6
9495,4
9496,6
9497,4
9498,6
9499,0
9500,6
9501,6
9502,6
9503,8
9504,0
9505,8
9506,4
9507,6
9508,3
9509,8
9510,8
9511,7
9512,9
9513,1
9514,4
9515,4
9516,7
9517,9
9518,8
9519,8
9520,1
9521,8
9522,5
9523,8
9524,7
9525,4
9526,7
9527,1
9528,6
9529,0
9530,8
9531,9
9532,5
9533,6
9534,6
9535,4
9536,0
9537,4
9538,6
9539,1
9540,6
9541,0
9542,6
9543,4
9544,2
9545,3
9546,4
9547,9
9548,4
9549,8
9550,6
9551,4
9552,9
9553,8
9554,4
9555,1
9556,6
9557,8
9558,9
9559,8
9560,8
9561,4
9562,7
9563,8
9564,6
9565,4
9566,6
9567,4
9568,6
9569,8
9570,7
9571,6
9572,6
9573,4
9574,4
9575,9
9576,5
9577,6
9578,4
9579,3
9580,9
9581,8
9582,3
9583,6
9584,8
9585,4
9586,5
9587,8
9588,6
9589,9
9590,3
9591,4
9592,4
9593,8
9594,8
9595,4
9596,0
9597,7
9598,6
9599,8
9600,8
9601,0
9602,0
9603,0
9604,6
9605,0
9606,6
9607,5
9608,4
9609,8
9610,4
9611,7
9612,8
9613,0
9614,6
9615,4
9616,6
9617,7
9618,9
9619,6
9620,0
9621,6
9622,9
9623,6
9624,8
9625,0
9626,8
9627,3
9628,8
9629,7
9630,4
9631,8
9632,8
9633,9
9634,6
9635,8
9636,0
9637,8
9638,6
9639,8
9640,4
9641,4
9642,6
9643,9
9644,4
9645,7
9646,8
9647,8
9648,5
9649,1
9650,4
9651,6
9652,8
9653,8
9654,6
9655,8
9656,4
9657,8
9658,7
9659,8
9660,7
9661,7
9662,6
9663,8
9664,8
9665,4
9666,8
9667,9
9668,4
9669,7
9670,5
9671,8
9672,8
9673,7
9674,7
9675,7
9676,8
9677,4
9678,8
9679,4
9680,4
9681,0
9682,7
9683,5
9684,8
9685,6
9686,5
9687,7
9688,8
9689,1
9690,4
9691,5
9692,8
9693,1
9694,9
9695,4
9696,7
9697,7
9698,8
9699,8
9700,7
9701,1
9702,0
9703,4
9704,3
9705,8
9706,7
9707,5
9708,3
9709,0
9710,6
9711,4
9712,0
9713,4
9714,4
9715,0
9716,4
9717,8
9718,7
9719,7
9720,4
9721,8
9722,4
9723,8
9724,4
9725,1
9726,4
9727,8
9728,4
9729,6
9730,4
9731,3
9732,4
9733,0
9734,1
9735,9
9736,1
9737,4
9738,4
9739,9
9740,0
9741,7
9742,8
9743,3
9744,5
9745,4
9746,8
9747,9
9748,8
9749,1
9750,4
9751,9
9752,4
9753,6
9754,6
9755,6
9756,3
9757,8
9758,4
9759,5
9760,4
9761,8
9762,9
9763,4
9764,9
9765,5
9766,7
9767,7
9768,0
9769,4
9770,1
9771,4
9772,7
9773,4
9774,8
9775,5
9776,6
9777,6
9778,8
9779,6
9780,5
9781,7
9782,3
9783,0
9784,1
9785,5
9786,7
9787,3
9788,8
9789,6
9790,3
9791,0
9792,8
9793,8
9794,0
9795,8
9796,4
9797,4
9798,7
9799,6
9800,0
9801,4
9802,0
9803,3
9804,4
9805,1
9806,6
9807,8
9808,7
9809,7
9810,8
9811,9
9812,6
9813,4
9814,9
9815,5
9816,0
9817,7
9818,8
9819,4
9820,7
9821,2
9822,0
9823,5
9824,7
9825,1
9826,0
9827,7
9828,1
9829,4
9830,8
9831,4
9832,8
9833,6
9834,4
9835,7
9836,7
9837,8
9838,4
9839,9
9840,8
9841,7
9842,8
9843,4
9844,7
9845,7
9846,7
9847,1
9848,1
9849,4
9850,0
9851,7
9852,7
9853,4
9854,8
9855,8
9856,8
9857,8
9858,4
9859,0
9860,4
9861,7
9862,7
9863,8
9864,8
9865,7
9866,8
9867,6
9868,5
9869,6
9870,7
9871,9
9872,4
9873,6
9874,3
9875,4
9876,3
9877,8
9878,0
9879,5
9880,7
9881,4
9882,8
9883,6
9884,0
9885,9
9886,6
9887,8
9888,1
9889,1
9890,6
9891,9
9892,5
9893,5
9894,4
9895,4
9896,1
9897,4
9898,8
9899,8
9900,1
9901,8
9902,9
9903,0
9904,6
9905,8
9906,4
9907,5
9908,4
9909,8
9910,4
9911,8
9912,8
9913,6
9914,9
9915,7
9916,5
9917,8
9918,8
9919,7
9920,7
9921,8
9922,5
9923,1
9924,6
9925,6
9926,4
9927,8
9928,1
9929,7
9930,9
9931,9
9932,4
9933,1
9934,9
9935,6
9936,9
9937,4
9938,9
9939,4
9940,8
9941,5
9942,1
9943,0
9944,3
9945,8
9946,8
9947,7
9948,7
9949,8
9950,4
9951,7
9952,7
9953,6
9954,0
9955,8
9956,8
9957,1
9958,8
9959,8
9960,4
9961,7
9962,7
9963,4
9964,4
9965,4
9966,8
9967,6
9968,9
9969,9
9970,7
9971,7
9972,0
9973,7
9974,4
9975,1
9976,6
9977,8
9978,8
9979,6
9980,3
9981,3
9982,8
9983,7
9984,8
9985,7
9986,8
9987,4
9988,7
9989,8
9990,8
9991,4
9992,4
9993,4
9994,9
9995,9
9996,8
9997,1
9998,7
9999,6
